pair_id,label,oof_probability
ab-train-001002,0,0.015166508023112415
ab-train-002952,0,0.06439407244991095
ab-train-004888,1,0.3228732288289196
ab-train-000833,0,0.09591218157370736
ab-train-002410,0,0.056873590936188934
ab-train-002957,0,0.022712688369611062
ab-train-000907,0,0.1144516462091741
ab-train-000758,0,0.0758075593174418
ab-train-005661,0,0.10282567354177231
ab-train-004974,0,0.0899357459222349
ab-train-000215,0,0.0958915671244387
ab-train-002558,0,0.019475802159511477
ab-train-000376,0,0.041282903325310635
ab-train-003760,0,0.12540450266710101
ab-train-003203,0,0.013379657308242004
ab-train-002797,0,0.058851055814648286
ab-train-001587,0,0.8735863766080113
ab-train-004147,0,0.01953578223291998
ab-train-005574,0,0.007182113487556655
ab-train-000853,0,0.06575156338463667
ab-train-001504,0,0.06963718310914313
ab-train-002472,0,0.00027879905512278143
ab-train-001582,0,0.023989053526989712
ab-train-004887,0,0.12278591396448318
ab-train-003697,1,0.16290514097741784
ab-train-001993,0,0.020331664394303728
ab-train-002102,0,0.010243167727013358
ab-train-003280,0,0.05115708448155896
ab-train-002516,0,0.04137372452409179
ab-train-000314,0,0.3052405284383474
ab-train-002389,0,0.026796498666737893
ab-train-002801,1,0.13542515645531947
ab-train-003443,0,0.0209625713376822
ab-train-002977,1,0.4337004512509863
ab-train-003087,0,0.049122765709974085
ab-train-002508,0,0.031111404767133644
ab-train-003941,1,0.032341179931436564
ab-train-004915,0,0.05094994751668724
ab-train-001506,0,0.07272923629125201
ab-train-004862,0,0.022639234335244816
ab-train-001916,1,0.16321588683719837
ab-train-003903,1,0.20578712278234015
ab-train-001445,0,0.012926079853272552
ab-train-001687,0,0.07314210415643181
ab-train-002415,1,0.7544270461839221
ab-train-005638,0,0.02429237385106513
ab-train-004193,0,0.005603271569488921
ab-train-000463,0,0.007908928844329878
ab-train-003276,0,0.0012626474419885245
ab-train-002471,0,0.009792608918644597
ab-train-004784,0,0.014128635154222255
ab-train-004076,0,0.134312143962825
ab-train-005620,0,0.05625383351980579
ab-train-001405,1,0.8533754816527139
ab-train-001073,0,0.038043010724099484
ab-train-004707,0,0.006503086001074346
ab-train-003208,0,0.05709449401704866
ab-train-000537,0,0.022579021402746497
ab-train-001098,0,0.03147097560343392
ab-train-004270,0,0.33513281965886216
ab-train-000344,0,0.2832825032719806
ab-train-003155,0,0.03463345924364675
ab-train-002325,0,0.01416028098544847
ab-train-005500,0,0.00824958980144328
ab-train-002320,0,0.1624301602162034
ab-train-004511,0,0.005070028365454248
ab-train-001971,0,0.22154238106221
ab-train-005309,0,0.034680343271792674
ab-train-005221,0,0.0619810143583737
ab-train-003768,0,0.04147082658647299
ab-train-000484,0,0.11936064303979378
ab-train-001348,0,1.8331808474106393e-08
ab-train-002642,1,0.8757215162805396
ab-train-001806,1,0.16393865454971424
ab-train-004385,1,0.07799806967981542
ab-train-003640,0,0.03204770872144072
ab-train-003856,0,0.012093686046419708
ab-train-002747,0,0.09004799703772987
ab-train-001606,0,0.048229351593268
ab-train-001206,0,0.12865654552895428
ab-train-004108,0,0.000604461368989631
ab-train-001262,0,0.004482387593038055
ab-train-002395,0,0.129618828826446
ab-train-005119,1,0.07112450907989436
ab-train-004183,0,0.03159827874086705
ab-train-004879,0,0.033927877704358005
ab-train-001087,1,0.25863870573035713
ab-train-001848,0,0.02105183209515217
ab-train-003608,0,0.02684839699617
ab-train-001399,0,0.09816099554961173
ab-train-002028,0,0.08566582147072072
ab-train-004475,0,0.08562561626352198
ab-train-005014,0,0.03673632924686416
ab-train-005105,1,0.9968530136838193
ab-train-003167,0,0.08552927641028557
ab-train-000891,0,0.07402729849829164
ab-train-000428,0,0.0018404626447656915
ab-train-003967,0,0.03344135925660127
ab-train-003932,0,0.12160221756713867
ab-train-002269,0,0.059858002673507237
ab-train-004248,0,0.020313878745530162
ab-train-003883,0,0.006109823029373682
ab-train-002407,0,0.030993710396896162
ab-train-005084,0,0.013032242238044278
ab-train-000520,0,0.17277270933172006
ab-train-004232,0,0.07707393322316873
ab-train-000431,0,0.013425320150419822
ab-train-002217,0,0.015954193035553694
ab-train-003838,0,0.05064377268097638
ab-train-004031,0,0.027535168916995072
ab-train-004052,0,0.08267012445222784
ab-train-005482,0,0.24626856357056215
ab-train-001704,0,0.09291925362453905
ab-train-003327,0,0.09093916233386762
ab-train-001035,0,0.10609142499035411
ab-train-000894,0,0.0967394525574919
ab-train-002448,0,0.018028757995641978
ab-train-004778,0,0.044767348506133293
ab-train-003481,0,0.04687849198560651
ab-train-002042,0,0.019135048032458035
ab-train-000826,0,0.01545713975759494
ab-train-002742,0,0.13262519984667112
ab-train-004640,0,0.04228356511386555
ab-train-003587,0,0.04878979265271557
ab-train-000739,0,0.014109534747188747
ab-train-002449,0,0.22192343476711285
ab-train-004544,0,0.03299345251735839
ab-train-002363,0,0.0650148816090537
ab-train-001378,0,0.04307753173881534
ab-train-005114,0,0.059855172250438925
ab-train-001167,0,0.5797662264311346
ab-train-002247,1,0.008459928632767635
ab-train-000703,0,0.026529324177862124
ab-train-003576,0,0.12639136885909835
ab-train-002560,0,0.028801947926173434
ab-train-001645,1,0.890411464449866
ab-train-000482,0,0.010302661877750545
ab-train-004206,0,0.00986198449178665
ab-train-003166,0,0.036107008169373817
ab-train-003533,0,0.008343594484377319
ab-train-000395,0,0.1006479101464428
ab-train-004197,0,0.12446750029294344
ab-train-003876,0,0.03462062884713891
ab-train-000684,0,0.002912977716916034
ab-train-004280,0,0.00540689986945855
ab-train-001599,0,0.003055616651017877
ab-train-000145,0,0.006712415196416687
ab-train-004224,0,0.3143107342870165
ab-train-000136,1,0.8890804522775632
ab-train-003682,0,0.012890529351634164
ab-train-003800,0,0.0629407310945824
ab-train-005471,0,0.031150784174632365
ab-train-003704,0,0.045120286948117726
ab-train-004890,0,0.016504749703120967
ab-train-003403,0,0.026133790534756295
ab-train-000514,0,0.024301755251417787
ab-train-003363,0,0.09362637169686032
ab-train-000705,0,0.05278437308380746
ab-train-000631,0,0.030412651084485293
ab-train-002513,0,0.5480211320112625
ab-train-003039,0,0.12320673288071722
ab-train-002614,0,0.07434745767440688
ab-train-000607,0,0.12975308806106867
ab-train-000109,0,0.010793335748291022
ab-train-005375,0,0.07350104225834159
ab-train-005556,0,0.03210229460068049
ab-train-005538,1,0.6787662160690675
ab-train-005161,0,0.05531782574831264
ab-train-002618,0,0.002538253398092783
ab-train-002173,0,0.02718042627914809
ab-train-003348,0,0.08810763511962282
ab-train-004374,1,0.20588367801328955
ab-train-002024,0,0.02337671985813149
ab-train-004167,0,0.029972301953313556
ab-train-001674,0,0.02794457386699047
ab-train-003867,0,0.04709320852536803
ab-train-005100,0,0.2140336100439698
ab-train-004553,0,0.027455114586988447
ab-train-002303,0,0.00908155615850451
ab-train-004716,1,0.14047706289112882
ab-train-003928,0,0.010200531516102488
ab-train-004210,0,0.07912562697008937
ab-train-001552,0,0.06198985769847065
ab-train-002190,0,0.6452046025701534
ab-train-004399,0,0.019062276151227707
ab-train-000883,0,0.024287532710190737
ab-train-003062,0,0.005866297938554054
ab-train-004261,0,0.005513186600736751
ab-train-003892,0,0.05392646101451267
ab-train-003133,0,0.030510467834217708
ab-train-005019,0,0.0005524382376773253
ab-train-003969,0,0.06280453081054044
ab-train-000292,0,0.018647624786714567
ab-train-003684,0,0.037472958039059125
ab-train-002452,0,0.03477938506028118
ab-train-003788,0,0.017292499194285216
ab-train-005295,0,0.19577770416635198
ab-train-002936,0,0.0032140620289889013
ab-train-004840,0,0.01861943928107995
ab-train-000504,0,0.03396577514000859
