dataset,system,budget,seed,threshold,classifier,f1,precision,recall,auprc,tp,fp,fn,tn,f1_at_05
wa,M2+LR,50,0,0.10811575965800162,LR,49.82698961937716,37.4025974025974,74.61139896373057,69.60843433631749,144,241,49,1615,63.905325443786985
wa,M2+best,50,0,1.0,DT,52.85996055226825,42.675159235668794,69.43005181347151,32.508838560704795,134,180,59,1676,52.85996055226825
wa,M2+LR,50,1,0.49787769908759466,LR,55.61497326203209,57.4585635359116,53.8860103626943,57.85976973789935,104,77,89,1779,55.76407506702413
wa,M2+best,50,1,0.49787769908759466,LR,55.61497326203209,57.4585635359116,53.8860103626943,57.85976973789935,104,77,89,1779,55.76407506702413
wa,M2+LR,50,2,0.16745293983466283,LR,59.22330097087378,55.70776255707762,63.212435233160626,66.98524904210508,122,97,71,1759,65.85365853658537
wa,M2+best,50,2,0.3333333333333333,DT,41.19241192411924,43.18181818181818,39.37823834196891,22.714341773051064,76,100,117,1756,41.19241192411924
wa,M2+LR,50,3,0.0034192061404264367,LR,18.3531746031746,10.148107515085025,95.85492227979275,60.854489071247095,185,1638,8,218,56.45645645645646
wa,M2+best,50,3,0.0,DT,17.216770740410347,9.41922889214251,100.0,29.95291893534477,193,1856,0,0,50.56947608200456
wa,M2+LR,50,4,0.8928022888755894,LR,61.15107913669065,100.0,44.04145077720207,65.88388907344267,85,0,108,1856,66.44951140065146
wa,M2+best,50,4,0.8928022888755894,LR,61.15107913669065,100.0,44.04145077720207,65.88388907344267,85,0,108,1856,66.44951140065146
wa,M2+LR,50,5,0.3624802901017825,LR,59.624413145539904,54.506437768240346,65.80310880829016,70.39731067990296,127,106,66,1750,62.59541984732825
wa,M2+best,50,5,0.3624802901017825,LR,59.624413145539904,54.506437768240346,65.80310880829016,70.39731067990296,127,106,66,1750,62.59541984732825
wa,M2+LR,50,6,0.5827800278561385,LR,64.84641638225256,95.0,49.22279792746114,71.74971069537949,95,5,98,1851,66.44518272425249
wa,M2+best,50,6,0.5827800278561385,LR,64.84641638225256,95.0,49.22279792746114,71.74971069537949,95,5,98,1851,66.44518272425249
wa,M2+LR,50,7,0.7941954082059195,LR,66.21160409556313,97.0,50.259067357512954,72.74581216576684,97,3,96,1853,70.05988023952095
wa,M2+best,50,7,0.6066666666666666,RF,67.8082191780822,100.0,51.29533678756477,77.47610599151574,99,0,94,1856,69.36026936026936
wa,M2+LR,50,8,0.22770050539145884,LR,62.99212598425197,63.829787234042556,62.17616580310881,71.91869106557634,120,68,73,1788,67.07692307692308
wa,M2+best,50,8,1.0,DT,59.64125560538116,52.569169960474305,68.9119170984456,39.15468050917944,133,120,60,1736,59.64125560538116
wa,M2+LR,50,9,0.9197484548237941,LR,11.707317073170733,100.0,6.217616580310881,39.2367088650933,12,0,181,1856,32.83582089552239
wa,M2+best,50,9,0.6066666666666668,RF,67.35395189003437,100.0,50.77720207253886,66.91606892543989,98,0,95,1856,67.12328767123287
wa,M2+LR,200,0,0.513062690038984,LR,72.5,91.33858267716536,60.10362694300518,74.03972204981302,116,11,77,1845,72.27414330218068
wa,M2+best,200,0,0.6666666666666666,DT,66.84491978609626,69.06077348066299,64.76683937823834,48.04717227848997,125,56,68,1800,66.84491978609626
wa,M2+LR,200,1,0.6733776739922773,LR,67.72151898734177,86.99186991869918,55.44041450777202,73.93868935554612,107,16,86,1840,69.14285714285714
wa,M2+best,200,1,0.6733776739922773,LR,67.72151898734177,86.99186991869918,55.44041450777202,73.93868935554612,107,16,86,1840,69.14285714285714
wa,M2+LR,200,2,0.3660145700817556,LR,72.83236994219652,82.35294117647058,65.28497409326425,73.90719402344541,126,27,67,1829,74.39024390243902
wa,M2+best,200,2,0.22666666666666666,RF,70.05347593582889,72.37569060773481,67.87564766839378,75.86190098065751,131,50,62,1806,74.32024169184291
wa,M2+LR,200,3,0.29430557666683416,LR,65.93406593406593,70.17543859649122,62.17616580310881,71.67275326158737,120,51,73,1805,69.90881458966565
wa,M2+best,200,3,0.29430557666683416,LR,65.93406593406593,70.17543859649122,62.17616580310881,71.67275326158737,120,51,73,1805,69.90881458966565
wa,M2+LR,200,4,0.6761109071800671,LR,69.33333333333334,97.19626168224299,53.8860103626943,72.33595228023144,104,3,89,1853,70.66246056782335
wa,M2+best,200,4,0.6761109071800671,LR,69.33333333333334,97.19626168224299,53.8860103626943,72.33595228023144,104,3,89,1853,70.66246056782335
wa,M2+LR,200,5,0.33660926867953816,LR,68.87052341597796,73.52941176470588,64.76683937823834,72.52221356368146,125,45,68,1811,72.78287461773701
wa,M2+best,200,5,0.6933333333333334,RF,75.54179566563467,93.84615384615384,63.212435233160626,75.74034151573194,122,8,71,1848,73.62318840579711
wa,M2+LR,200,6,0.34572041318759933,LR,71.83908045977012,80.64516129032258,64.76683937823834,74.35215674502236,125,30,68,1826,72.72727272727273
wa,M2+best,200,6,0.34572041318759933,LR,71.83908045977012,80.64516129032258,64.76683937823834,74.35215674502236,125,30,68,1826,72.72727272727273
wa,M2+LR,200,7,0.42023975142084447,LR,69.30091185410335,83.82352941176471,59.067357512953365,73.86933846057757,114,22,79,1834,69.84126984126983
wa,M2+best,200,7,0.42023975142084447,LR,69.30091185410335,83.82352941176471,59.067357512953365,73.86933846057757,114,22,79,1834,69.84126984126983
wa,M2+LR,200,8,0.3817144782456124,LR,69.14893617021278,71.03825136612022,67.35751295336787,74.7849894064109,130,53,63,1803,68.88888888888889
wa,M2+best,200,8,0.3333333333333333,DT,64.30260047281324,59.130434782608695,70.46632124352331,44.4488869289477,136,94,57,1762,64.30260047281324
wa,M2+LR,200,9,0.4754745005673895,LR,67.40947075208913,72.89156626506023,62.69430051813472,72.55018304612304,121,45,72,1811,66.85393258426966
wa,M2+best,200,9,1.0,DT,63.10679611650486,59.3607305936073,67.35751295336787,43.058582369813095,130,89,63,1767,63.10679611650486
wa,M2+LR,1000,0,0.3213736379268482,LR,74.69879518072288,89.20863309352518,64.24870466321244,76.97124492732362,124,15,69,1841,74.59807073954984
wa,M2+best,1000,0,0.25333333333333335,RF,72.87234042553192,74.86338797814209,70.98445595854922,81.24408218874535,137,46,56,1810,75.84097859327217
wa,M2+LR,1000,1,0.38186780837708084,LR,74.84662576687117,91.72932330827066,63.212435233160626,76.90655854992498,122,11,71,1845,74.12140575079871
wa,M2+best,1000,1,0.22999999999999998,RF,72.264631043257,71.0,73.57512953367875,81.83574590996751,142,58,51,1798,75.22935779816514
wa,M2+LR,1000,2,0.32350340243584746,LR,73.15634218289085,84.93150684931507,64.24870466321244,75.89230049150888,124,22,69,1834,73.18611987381703
wa,M2+best,1000,2,0.3666666666666667,RF,77.41935483870968,89.1891891891892,68.39378238341969,81.07122889625514,132,16,61,1840,76.45259938837921
wa,M2+LR,1000,3,0.2462810998291478,LR,73.35243553008596,82.05128205128204,66.32124352331607,76.58350751357673,128,28,65,1828,74.59807073954984
wa,M2+best,1000,3,0.35333333333333333,RF,74.28571428571429,82.80254777070064,67.35751295336787,80.87927279486404,130,27,63,1829,76.45259938837921
wa,M2+LR,1000,4,0.31569951727424495,LR,75.67567567567568,90.0,65.28497409326425,76.3165732238265,126,14,67,1842,75.79617834394905
wa,M2+best,1000,4,0.33,RF,74.4186046511628,84.76821192052981,66.32124352331607,80.26497855546172,128,23,65,1833,75.6923076923077
wa,M2+LR,full,0,0.3931771191278303,LR,76.19047619047619,89.5104895104895,66.32124352331607,80.89301843110975,128,15,65,1841,74.21383647798741
wa,M2+best,full,0,0.3133333333333333,RF,77.93696275071633,87.17948717948718,70.46632124352331,86.22963609744698,136,20,57,1836,78.2874617737003
wa,M2+LR,full,1,0.35784342982336503,LR,75.88235294117646,87.75510204081633,66.83937823834198,80.89301843110975,129,18,64,1838,74.21383647798741
wa,M2+best,full,1,0.3133333333333333,RF,79.08309455587393,88.46153846153845,71.50259067357513,86.05983839369114,138,18,55,1838,77.91411042944786
wa,M2+LR,full,2,0.3905088972720912,LR,75.60975609756098,91.85185185185185,64.24870466321244,79.72354768382989,124,11,69,1845,74.44794952681389
wa,M2+best,full,2,0.2633333333333333,RF,78.4741144414169,82.75862068965517,74.61139896373057,86.68685835489383,144,30,49,1826,78.04878048780488
ag,M2+LR,50,0,0.24233849330009058,LR,46.40657084188911,44.66403162055336,48.29059829059829,41.72475866264646,113,140,121,1919,39.361702127659576
ag,M2+best,50,0,0.3333333333333333,DT,43.25699745547074,53.459119496855344,36.324786324786324,25.91694843379626,85,74,149,1985,43.25699745547074
ag,M2+LR,50,1,0.4242811402761588,LR,56.2929061784897,60.591133004926114,52.56410256410257,56.18989750340771,123,80,111,1979,53.753026634382564
ag,M2+best,50,1,0.6666666666666666,DT,49.45295404814004,50.672645739910315,48.29059829059829,29.747053583784204,113,110,121,1949,49.45295404814004
ag,M2+LR,50,2,0.2565452743305587,LR,53.432282003710576,47.21311475409836,61.53846153846154,52.05545070210217,144,161,90,1898,49.09560723514212
ag,M2+best,50,2,0.6666666666666666,DT,42.700156985871274,33.7468982630273,58.119658119658126,23.887458913468596,136,267,98,1792,42.700156985871274
ag,M2+LR,50,3,0.06927893687908322,LR,40.79320113314447,26.181818181818183,92.3076923076923,48.0664526982703,216,609,18,1450,50.57471264367817
ag,M2+best,50,3,0.06927893687908322,LR,40.79320113314447,26.181818181818183,92.3076923076923,48.0664526982703,216,609,18,1450,50.57471264367817
ag,M2+LR,50,4,0.14473041061657058,LR,38.21138211382114,27.976190476190478,60.256410256410255,33.420817181344006,141,363,93,1696,14.652014652014653
ag,M2+best,50,4,0.3333333333333333,DT,35.46099290780142,39.682539682539684,32.05128205128205,19.652910123908818,75,114,159,1945,35.46099290780142
ag,M2+LR,50,5,0.13239674974171647,LR,48.34532374100719,36.44251626898048,71.7948717948718,48.3803039943094,168,293,66,1766,27.2108843537415
ag,M2+best,50,5,0.13239674974171647,LR,48.34532374100719,36.44251626898048,71.7948717948718,48.3803039943094,168,293,66,1766,27.2108843537415
ag,M2+LR,50,6,0.1946883992532198,LR,49.25690021231423,48.9451476793249,49.572649572649574,48.08727807450693,116,121,118,1938,25.53191489361702
ag,M2+best,50,6,0.3333333333333333,DT,44.611528822055135,53.939393939393945,38.034188034188034,26.839004060984,89,76,145,1983,44.611528822055135
ag,M2+LR,50,7,0.744133356373378,LR,40.99722991689751,58.26771653543307,31.62393162393162,45.411336850165554,74,53,160,2006,46.265060240963855
ag,M2+best,50,7,0.6666666666666666,DT,43.99092970521542,46.85990338164252,41.452991452991455,25.399537369490034,97,110,137,1949,43.99092970521542
ag,M2+LR,50,8,0.22289842607631305,LR,23.55072463768116,20.440251572327046,27.77777777777778,20.17601117774106,65,253,169,1806,13.004484304932735
ag,M2+best,50,8,0.22289842607631305,LR,23.55072463768116,20.440251572327046,27.77777777777778,20.17601117774106,65,253,169,1806,13.004484304932735
ag,M2+LR,50,9,0.13445464202242802,LR,50.49365303244006,37.68421052631579,76.49572649572649,54.9451744806771,179,296,55,1763,43.84384384384384
ag,M2+best,50,9,0.3333333333333333,DT,30.272952853598017,36.09467455621302,26.06837606837607,16.95399676868877,61,108,173,1951,30.272952853598017
ag,M2+LR,200,0,0.2646040654320019,LR,53.027139874739035,51.83673469387755,54.27350427350427,58.40587693049367,127,118,107,1941,48.78048780487805
ag,M2+best,200,0,0.2646040654320019,LR,53.027139874739035,51.83673469387755,54.27350427350427,58.40587693049367,127,118,107,1941,48.78048780487805
ag,M2+LR,200,1,0.38559354098722237,LR,57.082452431289646,56.48535564853556,57.692307692307686,58.951488734512225,135,104,99,1955,56.872037914691944
ag,M2+best,200,1,0.38559354098722237,LR,57.082452431289646,56.48535564853556,57.692307692307686,58.951488734512225,135,104,99,1955,56.872037914691944
ag,M2+LR,200,2,0.15541164549805309,LR,51.20910384068279,38.37953091684435,76.92307692307693,58.809281280587754,180,289,54,1770,49.056603773584904
ag,M2+best,200,2,0.15541164549805309,LR,51.20910384068279,38.37953091684435,76.92307692307693,58.809281280587754,180,289,54,1770,49.056603773584904
ag,M2+LR,200,3,0.22960616477359497,LR,54.41941074523397,45.77259475218659,67.09401709401709,56.40131638330269,157,186,77,1873,53.46534653465347
ag,M2+best,200,3,0.22960616477359497,LR,54.41941074523397,45.77259475218659,67.09401709401709,56.40131638330269,157,186,77,1873,53.46534653465347
ag,M2+LR,200,4,0.22552476372153377,LR,55.430711610486895,49.333333333333336,63.24786324786324,57.39095687716419,148,152,86,1907,44.24778761061947
ag,M2+best,200,4,0.3333333333333333,DT,36.31961259079903,41.899441340782126,32.05128205128205,20.363455527191647,75,104,159,1955,36.31961259079903
ag,M2+LR,200,5,0.26290623653748485,LR,55.172413793103445,52.509652509652504,58.119658119658126,56.85766392818711,136,123,98,1936,48.25581395348838
ag,M2+best,200,5,0.26290623653748485,LR,55.172413793103445,52.509652509652504,58.119658119658126,56.85766392818711,136,123,98,1936,48.25581395348838
ag,M2+LR,200,6,0.20676142576430237,LR,55.646481178396066,45.09283819628647,72.64957264957265,53.494145877958324,170,207,64,1852,48.96907216494845
ag,M2+best,200,6,0.20676142576430237,LR,55.646481178396066,45.09283819628647,72.64957264957265,53.494145877958324,170,207,64,1852,48.96907216494845
ag,M2+LR,200,7,0.33518561133075214,LR,49.08256880733945,52.97029702970298,45.72649572649573,52.98011750702474,107,95,127,1964,42.857142857142854
ag,M2+best,200,7,1.0,DT,41.02564102564102,45.12820512820513,37.60683760683761,23.33849535298762,88,107,146,1952,41.02564102564102
ag,M2+LR,200,8,0.14359572097453485,LR,50.505050505050505,38.12636165577342,74.78632478632478,46.12332839300202,175,284,59,1775,36.36363636363637
ag,M2+best,200,8,0.3333333333333333,DT,39.75409836065574,38.188976377952756,41.452991452991455,21.805178739755387,97,157,137,1902,39.75409836065574
ag,M2+LR,200,9,0.15607459750668443,LR,53.135313531353134,43.27956989247312,68.80341880341881,54.35618564169326,161,211,73,1848,43.82716049382716
ag,M2+best,200,9,0.3333333333333333,DT,33.712984054669704,36.09756097560975,31.62393162393162,18.393226395949426,74,131,160,1928,33.712984054669704
ag,M2+LR,1000,0,0.3284423799750288,LR,56.26373626373626,57.9185520361991,54.700854700854705,60.65995449456435,128,93,106,1966,53.05039787798409
ag,M2+best,1000,0,0.3284423799750288,LR,56.26373626373626,57.9185520361991,54.700854700854705,60.65995449456435,128,93,106,1966,53.05039787798409
ag,M2+LR,1000,1,0.24825304530048195,LR,56.439393939393945,50.68027210884354,63.67521367521367,58.722303221987836,149,145,85,1914,54.961832061068705
ag,M2+best,1000,1,0.24825304530048195,LR,56.439393939393945,50.68027210884354,63.67521367521367,58.722303221987836,149,145,85,1914,54.961832061068705
ag,M2+LR,1000,2,0.3786427292999393,LR,52.52525252525253,64.19753086419753,44.44444444444444,59.16063957905083,104,58,130,2001,45.614035087719294
ag,M2+best,1000,2,0.2866666666666667,RF,56.14754098360656,53.937007874015755,58.54700854700855,58.44370169962044,137,117,97,1942,46.15384615384615
ag,M2+LR,1000,3,0.2389520127359522,LR,57.59368836291914,53.47985347985348,62.39316239316239,61.47061285604488,146,127,88,1932,48.11594202898551
ag,M2+best,1000,3,0.19666666666666668,RF,57.72495755517827,47.88732394366197,72.64957264957265,60.10833671878751,170,185,64,1874,49.32249322493225
ag,M2+LR,1000,4,0.33672600969273364,LR,56.5121412803532,58.44748858447488,54.700854700854705,60.58371201856178,128,91,106,1968,50.41095890410959
ag,M2+best,1000,4,0.33672600969273364,LR,56.5121412803532,58.44748858447488,54.700854700854705,60.58371201856178,128,91,106,1968,50.41095890410959
ag,M2+LR,full,0,0.316280753599193,LR,58.174097664543524,57.80590717299579,58.54700854700855,62.05851697787933,137,100,97,1959,52.459016393442624
ag,M2+best,full,0,0.27,RF,65.69872958257713,57.09779179810725,77.35042735042735,68.5503285358855,181,136,53,1923,61.34663341645885
ag,M2+LR,full,1,0.26513415353866,LR,58.93909626719057,54.54545454545454,64.1025641025641,62.05851697787933,150,125,84,1934,52.459016393442624
ag,M2+best,full,1,0.29083333333333333,RF,65.80882352941177,57.74193548387097,76.49572649572649,68.44290554381507,179,131,55,1928,60.591133004926114
ag,M2+LR,full,2,0.32616168153787245,LR,58.00865800865801,58.77192982456141,57.26495726495726,62.05851697787933,134,94,100,1965,52.459016393442624
ag,M2+best,full,2,0.3166666666666667,RF,67.56238003838772,61.32404181184668,75.21367521367522,68.09883440269942,176,111,58,1948,60.396039603960396
da,M2+LR,50,0,0.6355276382137385,LR,91.18683901292597,95.33169533169533,87.38738738738738,97.26798039807748,388,19,56,2010,95.19553072625698
da,M2+best,50,0,0.6355276382137385,LR,91.18683901292597,95.33169533169533,87.38738738738738,97.26798039807748,388,19,56,2010,95.19553072625698
da,M2+LR,50,1,0.8896836772254603,LR,93.49775784753363,93.08035714285714,93.91891891891892,92.32155474210624,417,31,27,1998,90.6054279749478
da,M2+best,50,1,0.8896836772254603,LR,93.49775784753363,93.08035714285714,93.91891891891892,92.32155474210624,417,31,27,1998,90.6054279749478
da,M2+LR,50,2,0.5395204503218948,LR,91.062039957939,85.4043392504931,97.52252252252252,90.70650185252151,433,74,11,1955,91.19496855345912
da,M2+best,50,2,0.5395204503218948,LR,91.062039957939,85.4043392504931,97.52252252252252,90.70650185252151,433,74,11,1955,91.19496855345912
da,M2+LR,50,3,0.8532618527472611,LR,88.68144690781797,92.00968523002422,85.58558558558559,94.28101149593682,380,33,64,1996,91.82795698924731
da,M2+best,50,3,1.0,DT,86.19246861924687,80.46875,92.7927927927928,75.96317537968619,412,100,32,1929,86.19246861924687
da,M2+LR,50,4,0.8508329153497826,LR,90.9090909090909,90.60402684563759,91.21621621621621,92.59465912139937,405,42,39,1987,91.23931623931624
da,M2+best,50,4,0.8508329153497826,LR,90.9090909090909,90.60402684563759,91.21621621621621,92.59465912139937,405,42,39,1987,91.23931623931624
da,M2+LR,50,5,0.8975471562744345,LR,89.98822143698469,94.32098765432099,86.03603603603604,94.53514571149192,382,23,62,2006,91.9957310565635
da,M2+best,50,5,0.8975471562744345,LR,89.98822143698469,94.32098765432099,86.03603603603604,94.53514571149192,382,23,62,2006,91.9957310565635
da,M2+LR,50,6,0.7683221589259647,LR,91.14219114219114,94.44444444444444,88.06306306306307,94.6598477991852,391,23,53,2006,94.0
da,M2+best,50,6,0.7683221589259647,LR,91.14219114219114,94.44444444444444,88.06306306306307,94.6598477991852,391,23,53,2006,94.0
da,M2+LR,50,7,0.14883962001530635,LR,92.99363057324841,87.95180722891565,98.64864864864865,98.05604212870816,438,60,6,1969,94.57013574660633
da,M2+best,50,7,0.49666666666666665,RF,95.50561797752809,95.2914798206278,95.72072072072072,99.09361791029174,425,21,19,2008,95.50561797752809
da,M2+LR,50,8,0.5659065494380976,LR,92.3076923076923,86.73267326732673,98.64864864864865,96.85782829974616,438,67,6,1962,91.74503657262278
da,M2+best,50,8,0.5166666666666667,RF,91.47609147609148,84.94208494208493,99.09909909909909,95.5874205702407,440,78,4,1951,91.47609147609148
da,M2+LR,50,9,0.9268899654682108,LR,92.11136890951276,94.97607655502392,89.41441441441441,97.71746604628018,397,21,47,2008,91.27659574468086
da,M2+best,50,9,0.9268899654682108,LR,92.11136890951276,94.97607655502392,89.41441441441441,97.71746604628018,397,21,47,2008,91.27659574468086
da,M2+LR,200,0,0.686533270900688,LR,94.6067415730337,94.39461883408072,94.81981981981981,98.36738005145517,421,25,23,2004,94.38943894389439
da,M2+best,200,0,0.6666666666666666,DT,95.35673839184598,95.8997722095672,94.81981981981981,91.86203569711745,421,18,23,2011,95.35673839184598
da,M2+LR,200,1,0.3887342130940404,LR,94.52201933404942,90.34907597535934,99.09909909909909,98.29164678840311,440,47,4,1982,94.15584415584416
da,M2+best,200,1,0.6666666666666666,DT,97.34513274336283,95.65217391304348,99.09909909909909,94.95218948268403,440,20,4,2009,97.34513274336283
da,M2+LR,200,2,0.35692091711173807,LR,95.092693565976,92.17758985200845,98.1981981981982,98.62281262172552,436,37,8,1992,95.23809523809523
da,M2+best,200,2,0.7133333333333333,RF,95.82366589327145,98.80382775119617,93.01801801801803,99.10873697748524,413,5,31,2024,97.40698985343855
da,M2+LR,200,3,0.39056305653583695,LR,95.62363238512035,92.97872340425532,98.42342342342343,99.11268852573676,437,33,7,1996,95.67147613762486
da,M2+best,200,3,0.49633333333333335,RF,95.7683741648107,94.7136563876652,96.84684684684684,99.58020107890219,430,24,14,2005,95.7683741648107
da,M2+LR,200,4,0.5630985576280833,LR,94.3820224719101,94.17040358744396,94.5945945945946,98.48809063586957,420,26,24,2003,94.17040358744396
da,M2+best,200,4,0.5630985576280833,LR,94.3820224719101,94.17040358744396,94.5945945945946,98.48809063586957,420,26,24,2003,94.17040358744396
da,M2+LR,200,5,0.37083722153900656,LR,94.78260869565217,91.59663865546219,98.1981981981982,98.59945775504777,436,40,8,1989,95.48954895489548
da,M2+best,200,5,0.15009846667939847,SVM,94.28263214670982,90.47619047619048,98.42342342342343,98.42537459734226,437,46,7,1983,94.70124013528749
da,M2+LR,200,6,0.3459516652102675,LR,94.47453954496208,91.02296450939458,98.1981981981982,98.54703672349527,436,43,8,1986,95.06037321624589
da,M2+best,200,6,0.5313609208134591,SVM,93.75684556407448,91.25799573560768,96.3963963963964,98.73883733874185,428,41,16,1988,93.98907103825137
da,M2+LR,200,7,0.24719206249417228,LR,93.47593582887701,89.0020366598778,98.42342342342343,98.13423205631831,437,54,7,1975,94.73684210526315
da,M2+best,200,7,0.14877091632406475,SVM,93.87755102040816,89.73305954825463,98.42342342342343,98.72106585649539,437,50,7,1979,92.46813441483198
da,M2+LR,200,8,0.8033665794069718,LR,92.41379310344827,94.36619718309859,90.54054054054053,97.52622496816008,402,24,42,2005,95.00554938956715
da,M2+best,200,8,0.8033665794069718,LR,92.41379310344827,94.36619718309859,90.54054054054053,97.52622496816008,402,24,42,2005,95.00554938956715
da,M2+LR,200,9,0.47621726136090664,LR,95.6043956043956,93.34763948497854,97.97297297297297,98.56435595823245,435,31,9,1998,95.7095709570957
da,M2+best,200,9,0.6666666666666666,DT,94.02110199296601,98.0440097799511,90.31531531531532,95.6481633812368,401,8,43,2021,94.02110199296601
da,M2+LR,1000,0,0.5604305381965471,LR,97.89123196448391,96.49890590809628,99.32432432432432,99.45560294286749,441,16,3,2013,97.89123196448391
da,M2+best,1000,0,0.3333333333333333,DT,98.09203142536475,97.76286353467562,98.42342342342343,96.50461414336772,437,10,7,2019,98.09203142536475
da,M2+LR,1000,1,0.4042615291783987,LR,96.7032967032967,94.4206008583691,99.09909909909909,99.36824345818809,440,26,4,2003,97.02315325248071
da,M2+best,1000,1,0.4566666666666667,RF,98.2102908277405,97.55555555555556,98.87387387387388,99.71946715128553,439,11,5,2018,97.86276715410574
da,M2+LR,1000,2,0.31048747843129626,LR,97.45856353591161,95.66160520607376,99.32432432432432,99.64210482837785,441,20,3,2009,97.43589743589743
da,M2+best,1000,2,0.51,RF,97.62174405436014,98.17767653758543,97.07207207207207,99.75424607579558,431,8,13,2021,97.51131221719457
da,M2+LR,1000,3,0.31411212359410207,LR,97.44160177975529,96.26373626373626,98.64864864864865,99.73896392043929,438,17,6,2012,97.97752808988764
da,M2+best,1000,3,0.6666666666666666,DT,97.63779527559055,97.52808988764045,97.74774774774775,96.43536905220698,434,11,10,2018,97.63779527559055
da,M2+LR,1000,4,0.6872422885616108,LR,97.1815107102593,97.29119638826185,97.07207207207207,99.73796175708578,431,12,13,2017,97.6536312849162
da,M2+best,1000,4,0.49666666666666676,RF,98.07474518686297,98.63325740318906,97.52252252252252,99.80579350169556,433,6,11,2023,98.07474518686297
da,M2+LR,full,0,0.5108951973602176,LR,98.10055865921787,97.33924611973393,98.87387387387388,99.79757811715913,439,12,5,2017,98.10055865921787
da,M2+best,full,0,0.5108951973602176,LR,98.10055865921787,97.33924611973393,98.87387387387388,99.79757811715913,439,12,5,2017,98.10055865921787
da,M2+LR,full,1,0.4407186769433166,LR,98.10479375696767,97.13024282560706,99.09909909909909,99.79757811715913,440,13,4,2016,98.10055865921787
da,M2+best,full,1,0.4407186769433166,LR,98.10479375696767,97.13024282560706,99.09909909909909,99.79757811715913,440,13,4,2016,98.10055865921787
da,M2+LR,full,2,0.4246902155597489,LR,97.9955456570156,96.91629955947137,99.09909909909909,99.79757811715913,440,14,4,2015,98.10055865921787
da,M2+best,full,2,0.38999999999999996,RF,97.9955456570156,96.91629955947137,99.09909909909909,99.85600113848993,440,14,4,2015,98.4304932735426
ab,M2+LR,50,0,0.4124825402577743,LR,48.309178743961354,48.07692307692308,48.54368932038835,48.80450215561993,100,108,106,1602,47.368421052631575
ab,M2+best,50,0,0.4124825402577743,LR,48.309178743961354,48.07692307692308,48.54368932038835,48.80450215561993,100,108,106,1602,47.368421052631575
ab,M2+LR,50,1,0.36379093791215467,LR,46.875,50.56179775280899,43.689320388349515,47.96513461086875,90,88,116,1622,42.813455657492355
ab,M2+best,50,1,0.36379093791215467,LR,46.875,50.56179775280899,43.689320388349515,47.96513461086875,90,88,116,1622,42.813455657492355
ab,M2+LR,50,2,0.8716457034613008,LR,40.397350993377486,63.541666666666664,29.61165048543689,49.8744199014697,61,35,145,1675,47.34299516908212
ab,M2+best,50,2,1.0,DT,26.20689655172414,45.23809523809524,18.446601941747574,17.113158577982137,38,46,168,1664,26.20689655172414
ab,M2+LR,50,3,0.4069554681646226,LR,49.152542372881356,58.78378378378378,42.23300970873786,53.69068457292937,87,61,119,1649,43.82716049382716
ab,M2+best,50,3,1.0,DT,32.171581769437,35.92814371257485,29.126213592233007,18.08454963110243,60,107,146,1603,32.171581769437
ab,M2+LR,50,4,0.10874091452399337,LR,40.8421052631579,36.059479553903344,47.0873786407767,40.98164956519517,97,172,109,1538,39.21568627450981
ab,M2+best,50,4,0.10874091452399337,LR,40.8421052631579,36.059479553903344,47.0873786407767,40.98164956519517,97,172,109,1538,39.21568627450981
ab,M2+LR,50,5,0.9022531719136767,LR,9.90990990990991,68.75,5.339805825242718,31.446232844550444,11,5,195,1705,27.184466019417474
ab,M2+best,50,5,0.9022531719136767,LR,9.90990990990991,68.75,5.339805825242718,31.446232844550444,11,5,195,1705,27.184466019417474
ab,M2+LR,50,6,0.7898822584655489,LR,24.6031746031746,67.3913043478261,15.048543689320388,44.183325370250145,31,15,175,1695,36.0655737704918
ab,M2+best,50,6,0.7898822584655489,LR,24.6031746031746,67.3913043478261,15.048543689320388,44.183325370250145,31,15,175,1695,36.0655737704918
ab,M2+LR,50,7,0.2467208518220233,LR,41.131105398457585,43.71584699453552,38.83495145631068,39.530927812026235,80,103,126,1607,38.15384615384615
ab,M2+best,50,7,0.3333333333333333,DT,38.413361169102295,33.6996336996337,44.66019417475729,21.00021746230474,92,181,114,1529,38.413361169102295
ab,M2+LR,50,8,0.4115599146990198,LR,39.436619718309856,46.97986577181208,33.980582524271846,40.34015270133316,70,79,136,1631,34.161490683229815
ab,M2+best,50,8,0.4115599146990198,LR,39.436619718309856,46.97986577181208,33.980582524271846,40.34015270133316,70,79,136,1631,34.161490683229815
ab,M2+LR,50,9,0.05563746079996693,LR,30.39443155452436,19.96951219512195,63.59223300970874,33.027481551400875,131,525,75,1185,22.614840989399294
ab,M2+best,50,9,0.05563746079996693,LR,30.39443155452436,19.96951219512195,63.59223300970874,33.027481551400875,131,525,75,1185,22.614840989399294
ab,M2+LR,200,0,0.16894911232088097,LR,46.80073126142596,37.5366568914956,62.13592233009708,48.21676212022293,128,213,78,1497,39.8671096345515
ab,M2+best,200,0,0.3333333333333333,DT,31.421446384039903,32.30769230769231,30.582524271844658,17.343973394908797,63,132,143,1578,31.421446384039903
ab,M2+LR,200,1,0.2792932727104377,LR,49.77973568281938,45.564516129032256,54.85436893203883,48.31283349685148,113,135,93,1575,47.02549575070821
ab,M2+best,200,1,0.2792932727104377,LR,49.77973568281938,45.564516129032256,54.85436893203883,48.31283349685148,113,135,93,1575,47.02549575070821
ab,M2+LR,200,2,0.16226183234630465,LR,44.285714285714285,35.02824858757062,60.19417475728155,45.64637487585152,124,230,82,1480,33.33333333333333
ab,M2+best,200,2,0.6666666666666666,DT,32.72727272727273,30.76923076923077,34.95145631067961,17.74803120142318,72,162,134,1548,32.72727272727273
ab,M2+LR,200,3,0.1787580261734346,LR,49.79253112033195,43.47826086956522,58.252427184466015,47.912227493377294,120,156,86,1554,42.675159235668794
ab,M2+best,200,3,0.3333333333333333,DT,34.50134770889488,38.78787878787879,31.06796116504854,19.461876604994345,64,101,142,1609,34.50134770889488
ab,M2+LR,200,4,0.14006147811107536,LR,41.49108589951378,31.143552311435524,62.13592233009708,44.38884433622183,128,283,78,1427,37.76223776223776
ab,M2+best,200,4,0.16666666666666666,DT,33.33333333333333,31.858407079646017,34.95145631067961,18.53019117465487,72,154,134,1556,33.33333333333333
ab,M2+LR,200,5,0.25097828538901235,LR,51.689860834990064,43.77104377104377,63.10679611650486,47.986967672560226,130,167,76,1543,42.40687679083094
ab,M2+best,200,5,0.3333333333333333,DT,36.11111111111111,34.51327433628318,37.86407766990291,19.74871755226516,78,148,128,1562,36.11111111111111
ab,M2+LR,200,6,0.10805258727304719,LR,38.951310861423224,26.218487394957986,75.72815533980582,44.269590739314225,156,439,50,1271,37.62376237623762
ab,M2+best,200,6,0.3333333333333333,DT,34.17085427135678,35.41666666666667,33.00970873786408,18.893443730533544,68,124,138,1586,34.17085427135678
ab,M2+LR,200,7,0.3851158860162552,LR,45.20123839009288,62.39316239316239,35.43689320388349,47.905022056870905,73,44,133,1666,39.86486486486486
ab,M2+best,200,7,0.3851158860162552,LR,45.20123839009288,62.39316239316239,35.43689320388349,47.905022056870905,73,44,133,1666,39.86486486486486
ab,M2+LR,200,8,0.21485191741256618,LR,50.09784735812133,41.967213114754095,62.13592233009708,51.96507862029801,128,177,78,1533,45.562130177514796
ab,M2+best,200,8,0.3333333333333333,DT,40.28436018957346,39.351851851851855,41.262135922330096,22.55265468257239,85,131,121,1579,40.28436018957346
ab,M2+LR,200,9,0.13926983549114733,LR,46.677471636953,35.03649635036496,69.90291262135922,47.81147949154811,144,267,62,1443,45.1219512195122
ab,M2+best,200,9,0.13926983549114733,LR,46.677471636953,35.03649635036496,69.90291262135922,47.81147949154811,144,267,62,1443,45.1219512195122
ab,M2+LR,1000,0,0.23156598383314475,LR,50.92592592592593,48.67256637168141,53.398058252427184,53.32379318152406,110,116,96,1594,41.21621621621622
ab,M2+best,1000,0,0.43,RF,50.609756097560975,68.0327868852459,40.29126213592233,54.224169904523265,83,39,123,1671,45.33333333333333
ab,M2+LR,1000,1,0.1772959561473267,LR,52.398523985239855,42.26190476190476,68.93203883495146,52.839452024322576,142,194,64,1516,40.802675585284284
ab,M2+best,1000,1,0.2222222222222222,DT,37.735849056603776,36.69724770642202,38.83495145631068,21.300352628460015,80,138,126,1572,37.735849056603776
ab,M2+LR,1000,2,0.22499251179850144,LR,50.77262693156733,46.558704453441294,55.8252427184466,53.081274377486906,115,132,91,1578,40.816326530612244
ab,M2+best,1000,2,0.2866666666666667,RF,52.77161862527716,48.57142857142857,57.76699029126213,55.64952336165299,119,126,87,1584,46.05263157894737
ab,M2+LR,1000,3,0.24551768955105582,LR,52.87356321839081,50.21834061135371,55.8252427184466,54.53411166537252,115,114,91,1596,42.66666666666667
ab,M2+best,1000,3,0.6666666666666666,DT,38.03131991051455,35.26970954356847,41.262135922330096,20.868275574785557,85,156,121,1554,38.03131991051455
ab,M2+LR,1000,4,0.1746750507503301,LR,51.56537753222836,41.54302670623146,67.96116504854369,50.927265114177835,140,197,66,1513,41.75084175084175
ab,M2+best,1000,4,0.3333333333333333,DT,36.20309050772627,33.198380566801625,39.80582524271845,19.794582283528566,82,165,124,1545,36.20309050772627
ab,M2+LR,full,0,0.20693430986063902,LR,53.9553752535497,46.34146341463415,64.56310679611651,54.59620636902002,133,154,73,1556,42.48366013071895
ab,M2+best,full,0,0.30666666666666664,RF,61.89376443418014,59.03083700440529,65.0485436893204,65.86821777259081,134,93,72,1617,56.074766355140184
ab,M2+LR,full,1,0.22431127673704468,LR,53.503184713375795,47.54716981132076,61.165048543689316,54.59620636902002,126,139,80,1571,42.48366013071895
ab,M2+best,full,1,0.27444444444444444,RF,60.48565121412803,55.465587044534416,66.50485436893204,64.72712918084339,137,110,69,1600,53.91849529780565
ab,M2+LR,full,2,0.21513768847522985,LR,53.83022774327122,46.931407942238266,63.10679611650486,54.59620636902002,130,147,76,1563,42.48366013071895
ab,M2+best,full,2,0.285,RF,60.810810810810814,56.72268907563025,65.53398058252428,65.94912723918218,135,103,71,1607,55.172413793103445
