epoch,train_loss,valid_f1,threshold
1,0.5738594055175781,18.181818181818183,0.0
2,0.35358247756958006,18.181818181818183,0.0
3,0.3396466255187988,18.181818181818183,0.0
4,0.33702688217163085,18.181818181818183,0.0
5,0.3136448383331299,18.181818181818183,0.0
6,0.33981614112854003,18.181818181818183,0.0
7,0.3143173694610596,18.6046511627907,0.05
8,0.3116415023803711,18.181818181818183,0.0
9,0.27140800952911376,22.22222222222222,0.1
10,0.2565504312515259,18.181818181818183,0.0
11,0.24424347877502442,26.666666666666668,0.2
12,0.18167948722839355,18.181818181818183,0.0
13,0.11286670565605164,28.57142857142857,0.15000000000000002
14,0.05995526909828186,28.57142857142857,0.5
15,0.0559080183506012,18.181818181818183,0.0
16,0.0652260035276413,33.33333333333333,0.30000000000000004
17,0.03717622458934784,33.33333333333333,0.1
18,0.025245264917612076,33.33333333333333,0.35000000000000003
19,0.02489786073565483,18.181818181818183,0.0
20,0.056774627417325974,25.0,0.2
21,0.052930349856615065,18.181818181818183,0.0
22,0.03923588618636131,33.33333333333333,0.1
23,0.018260114639997483,44.44444444444444,0.1
24,0.01982724592089653,28.57142857142857,0.30000000000000004
25,0.015663165599107742,18.181818181818183,0.0
26,0.03587886020541191,25.0,0.05
27,0.01473759263753891,25.0,0.05
28,0.00941009446978569,25.0,0.05
29,0.006454303860664368,18.181818181818183,0.0
30,0.009913086146116256,18.181818181818183,0.0
31,0.008738601207733154,18.181818181818183,0.0
32,0.00487757995724678,18.181818181818183,0.0
33,0.004268480837345124,18.181818181818183,0.0
34,0.003299325704574585,18.181818181818183,0.0
35,0.003115912526845932,18.181818181818183,0.0
36,0.0021611511707305907,18.181818181818183,0.0
37,0.0024992957711219787,18.181818181818183,0.0
38,0.003434763103723526,18.181818181818183,0.0
39,0.002763206511735916,18.181818181818183,0.0
40,0.001008187234401703,18.181818181818183,0.0
