cell_id,row_id,label,oof_probability
fl-train-0848-src,848,0,0.19764196863166947
fl-train-0848-flight,848,0,0.36670850976049646
fl-train-0848-sched_dep_time,848,1,0.5541784301052296
fl-train-0848-act_dep_time,848,0,0.2940446556576995
fl-train-0848-sched_arr_time,848,1,0.4246509889763788
fl-train-0848-act_arr_time,848,0,0.28427973901195497
fl-train-0951-src,951,0,0.4112595084943411
fl-train-0951-flight,951,0,0.3568506245398753
fl-train-0951-sched_dep_time,951,0,0.1642967458102303
fl-train-0951-act_dep_time,951,0,0.1642967458102303
fl-train-0951-sched_arr_time,951,0,0.1642967458102303
fl-train-0951-act_arr_time,951,1,0.2853816444450615
fl-train-1081-src,1081,0,0.20388220170727003
fl-train-1081-flight,1081,0,0.2563752705333425
fl-train-1081-sched_dep_time,1081,1,0.48142498809586326
fl-train-1081-act_dep_time,1081,1,0.2307975267946253
fl-train-1081-sched_arr_time,1081,1,0.3799858377144114
fl-train-1081-act_arr_time,1081,0,0.20388220170727003
fl-train-1367-src,1367,0,0.4082417421976719
fl-train-1367-flight,1367,0,0.4082417421976719
fl-train-1367-sched_dep_time,1367,0,0.12539157740699067
fl-train-1367-act_dep_time,1367,1,0.12539157740699067
fl-train-1367-sched_arr_time,1367,0,0.1416779189378142
fl-train-1367-act_arr_time,1367,0,0.1095876054633403
fl-train-1828-src,1828,0,0.4897303351377418
fl-train-1828-flight,1828,0,0.4391409666841232
fl-train-1828-sched_dep_time,1828,0,0.19289796867707218
fl-train-1828-act_dep_time,1828,1,0.22729055925383757
fl-train-1828-sched_arr_time,1828,0,0.24478872285548267
fl-train-1828-act_arr_time,1828,1,0.20997909126117
