hypothesis,dataset,budget,seed,improved,worsened,p_exact,note
H1,wa,200,0,19,14,0.48685024166479707,"Tests equality of paired error rates, not equality of F1; do not pool repeated test items across seeds"
H1,wa,200,1,17,7,0.06391465663909912,"Tests equality of paired error rates, not equality of F1; do not pool repeated test items across seeds"
H1,wa,200,2,13,5,0.09625244140625,"Tests equality of paired error rates, not equality of F1; do not pool repeated test items across seeds"
H1,wa,200,3,26,18,0.2912152365458951,"Tests equality of paired error rates, not equality of F1; do not pool repeated test items across seeds"
H1,wa,200,4,24,7,0.003326892852783203,"Tests equality of paired error rates, not equality of F1; do not pool repeated test items across seeds"
H1,wa,200,5,16,9,0.2295229434967041,"Tests equality of paired error rates, not equality of F1; do not pool repeated test items across seeds"
H1,wa,200,6,20,39,0.018337087779101986,"Tests equality of paired error rates, not equality of F1; do not pool repeated test items across seeds"
H1,wa,200,7,29,53,0.010637487878147722,"Tests equality of paired error rates, not equality of F1; do not pool repeated test items across seeds"
H1,wa,200,8,26,10,0.011330984183587134,"Tests equality of paired error rates, not equality of F1; do not pool repeated test items across seeds"
H1,wa,200,9,31,19,0.11892045255943628,"Tests equality of paired error rates, not equality of F1; do not pool repeated test items across seeds"
H3,wa,50,0,138,40,8.056220979612124e-14,"Tests equality of paired error rates, not equality of F1; do not pool repeated test items across seeds"
H3,wa,50,1,152,45,8.956372819028327e-15,"Tests equality of paired error rates, not equality of F1; do not pool repeated test items across seeds"
H3,wa,50,2,129,77,0.0003563954725564402,"Tests equality of paired error rates, not equality of F1; do not pool repeated test items across seeds"
H3,wa,50,3,1838,31,0.0,"Tests equality of paired error rates, not equality of F1; do not pool repeated test items across seeds"
H3,wa,50,4,99,22,7.411408420864869e-13,"Tests equality of paired error rates, not equality of F1; do not pool repeated test items across seeds"
H3,wa,50,5,107,18,1.3494093113112984e-16,"Tests equality of paired error rates, not equality of F1; do not pool repeated test items across seeds"
H3,wa,50,6,77,13,3.175275355987434e-12,"Tests equality of paired error rates, not equality of F1; do not pool repeated test items across seeds"
H3,wa,50,7,25,28,0.7838463022094988,"Tests equality of paired error rates, not equality of F1; do not pool repeated test items across seeds"
H3,wa,50,8,113,77,0.01091824238405191,"Tests equality of paired error rates, not equality of F1; do not pool repeated test items across seeds"
H3,wa,50,9,167,84,1.7708000010517986e-07,"Tests equality of paired error rates, not equality of F1; do not pool repeated test items across seeds"
H3,wa,200,0,69,26,1.182808848491514e-05,"Tests equality of paired error rates, not equality of F1; do not pool repeated test items across seeds"
H3,wa,200,1,72,23,4.757482385242055e-07,"Tests equality of paired error rates, not equality of F1; do not pool repeated test items across seeds"
H3,wa,200,2,64,10,8.957423581215867e-11,"Tests equality of paired error rates, not equality of F1; do not pool repeated test items across seeds"
H3,wa,200,3,95,20,7.050723457788823e-13,"Tests equality of paired error rates, not equality of F1; do not pool repeated test items across seeds"
H3,wa,200,4,68,16,8.542340953724185e-09,"Tests equality of paired error rates, not equality of F1; do not pool repeated test items across seeds"
H3,wa,200,5,78,10,3.33213360770301e-14,"Tests equality of paired error rates, not equality of F1; do not pool repeated test items across seeds"
H3,wa,200,6,68,50,0.117212941976315,"Tests equality of paired error rates, not equality of F1; do not pool repeated test items across seeds"
H3,wa,200,7,77,64,0.3122129316569944,"Tests equality of paired error rates, not equality of F1; do not pool repeated test items across seeds"
H3,wa,200,8,99,14,6.128716537252378e-17,"Tests equality of paired error rates, not equality of F1; do not pool repeated test items across seeds"
H3,wa,200,9,74,17,1.1934080595966506e-09,"Tests equality of paired error rates, not equality of F1; do not pool repeated test items across seeds"
H1,ag,200,0,67,60,0.5946154859354927,"Tests equality of paired error rates, not equality of F1; do not pool repeated test items across seeds"
H1,ag,200,1,77,49,0.01581820400805208,"Tests equality of paired error rates, not equality of F1; do not pool repeated test items across seeds"
H1,ag,200,2,61,81,0.11051344647284386,"Tests equality of paired error rates, not equality of F1; do not pool repeated test items across seeds"
H1,ag,200,3,129,54,2.9071977252339208e-08,"Tests equality of paired error rates, not equality of F1; do not pool repeated test items across seeds"
H1,ag,200,4,43,44,1.0,"Tests equality of paired error rates, not equality of F1; do not pool repeated test items across seeds"
H1,ag,200,5,58,39,0.0670517953528911,"Tests equality of paired error rates, not equality of F1; do not pool repeated test items across seeds"
H1,ag,200,6,135,78,0.00011423002587294981,"Tests equality of paired error rates, not equality of F1; do not pool repeated test items across seeds"
H1,ag,200,7,53,55,0.923401037594597,"Tests equality of paired error rates, not equality of F1; do not pool repeated test items across seeds"
H1,ag,200,8,65,52,0.26718230499039597,"Tests equality of paired error rates, not equality of F1; do not pool repeated test items across seeds"
H1,ag,200,9,76,60,0.19818134136296922,"Tests equality of paired error rates, not equality of F1; do not pool repeated test items across seeds"
H3,ag,50,0,284,76,2.2916367719987566e-29,"Tests equality of paired error rates, not equality of F1; do not pool repeated test items across seeds"
H3,ag,50,1,132,70,1.5332546124648794e-05,"Tests equality of paired error rates, not equality of F1; do not pool repeated test items across seeds"
H3,ag,50,2,162,119,0.01209154418493471,"Tests equality of paired error rates, not equality of F1; do not pool repeated test items across seeds"
H3,ag,50,3,143,62,1.512152661328367e-08,"Tests equality of paired error rates, not equality of F1; do not pool repeated test items across seeds"
H3,ag,50,4,206,130,3.99352684649107e-05,"Tests equality of paired error rates, not equality of F1; do not pool repeated test items across seeds"
H3,ag,50,5,220,71,6.665732848923836e-19,"Tests equality of paired error rates, not equality of F1; do not pool repeated test items across seeds"
H3,ag,50,6,136,101,0.026996511573652834,"Tests equality of paired error rates, not equality of F1; do not pool repeated test items across seeds"
H3,ag,50,7,126,57,3.6716479330069006e-07,"Tests equality of paired error rates, not equality of F1; do not pool repeated test items across seeds"
H3,ag,50,8,298,83,1.498319879364506e-29,"Tests equality of paired error rates, not equality of F1; do not pool repeated test items across seeds"
H3,ag,50,9,313,87,4.9366263895615375e-31,"Tests equality of paired error rates, not equality of F1; do not pool repeated test items across seeds"
H3,ag,200,0,145,87,0.00016984162448762118,"Tests equality of paired error rates, not equality of F1; do not pool repeated test items across seeds"
H3,ag,200,1,126,80,0.0016512830651188226,"Tests equality of paired error rates, not equality of F1; do not pool repeated test items across seeds"
H3,ag,200,2,135,116,0.2558486332407125,"Tests equality of paired error rates, not equality of F1; do not pool repeated test items across seeds"
H3,ag,200,3,194,86,9.499152703142041e-11,"Tests equality of paired error rates, not equality of F1; do not pool repeated test items across seeds"
H3,ag,200,4,202,106,4.867726290710849e-08,"Tests equality of paired error rates, not equality of F1; do not pool repeated test items across seeds"
H3,ag,200,5,131,105,0.10345923511249469,"Tests equality of paired error rates, not equality of F1; do not pool repeated test items across seeds"
H3,ag,200,6,245,88,2.863757046012497e-18,"Tests equality of paired error rates, not equality of F1; do not pool repeated test items across seeds"
H3,ag,200,7,148,117,0.06514260400965827,"Tests equality of paired error rates, not equality of F1; do not pool repeated test items across seeds"
H3,ag,200,8,240,85,2.9211379290278254e-18,"Tests equality of paired error rates, not equality of F1; do not pool repeated test items across seeds"
H3,ag,200,9,162,68,5.009352171350948e-10,"Tests equality of paired error rates, not equality of F1; do not pool repeated test items across seeds"
H1,da,200,0,21,35,0.08142681460950618,"Tests equality of paired error rates, not equality of F1; do not pool repeated test items across seeds"
H1,da,200,1,18,35,0.027008317653722358,"Tests equality of paired error rates, not equality of F1; do not pool repeated test items across seeds"
H1,da,200,2,16,25,0.21102359760880063,"Tests equality of paired error rates, not equality of F1; do not pool repeated test items across seeds"
H1,da,200,3,15,26,0.11727520595741225,"Tests equality of paired error rates, not equality of F1; do not pool repeated test items across seeds"
H1,da,200,4,18,36,0.01983432672806828,"Tests equality of paired error rates, not equality of F1; do not pool repeated test items across seeds"
H1,da,200,5,17,23,0.42959050784338615,"Tests equality of paired error rates, not equality of F1; do not pool repeated test items across seeds"
H1,da,200,6,18,33,0.04887389231827033,"Tests equality of paired error rates, not equality of F1; do not pool repeated test items across seeds"
H1,da,200,7,14,27,0.05958388801809633,"Tests equality of paired error rates, not equality of F1; do not pool repeated test items across seeds"
H1,da,200,8,16,27,0.12628947438543037,"Tests equality of paired error rates, not equality of F1; do not pool repeated test items across seeds"
H1,da,200,9,22,31,0.27167916606550335,"Tests equality of paired error rates, not equality of F1; do not pool repeated test items across seeds"
H3,da,50,0,22,22,1.0,"Tests equality of paired error rates, not equality of F1; do not pool repeated test items across seeds"
H3,da,50,1,24,42,0.03558272445223169,"Tests equality of paired error rates, not equality of F1; do not pool repeated test items across seeds"
H3,da,50,2,28,29,1.0,"Tests equality of paired error rates, not equality of F1; do not pool repeated test items across seeds"
H3,da,50,3,36,128,2.704921623416343e-13,"Tests equality of paired error rates, not equality of F1; do not pool repeated test items across seeds"
H3,da,50,4,49,14,1.1123023000449022e-05,"Tests equality of paired error rates, not equality of F1; do not pool repeated test items across seeds"
H3,da,50,5,36,64,0.006637120515926128,"Tests equality of paired error rates, not equality of F1; do not pool repeated test items across seeds"
H3,da,50,6,60,14,6.221761416347879e-08,"Tests equality of paired error rates, not equality of F1; do not pool repeated test items across seeds"
H3,da,50,7,42,14,0.00023444586091919684,"Tests equality of paired error rates, not equality of F1; do not pool repeated test items across seeds"
H3,da,50,8,70,23,1.1026255560645484e-06,"Tests equality of paired error rates, not equality of F1; do not pool repeated test items across seeds"
H3,da,50,9,22,14,0.24298495403490966,"Tests equality of paired error rates, not equality of F1; do not pool repeated test items across seeds"
H3,da,200,0,17,10,0.24778856337070465,"Tests equality of paired error rates, not equality of F1; do not pool repeated test items across seeds"
H3,da,200,1,32,21,0.16897782228771874,"Tests equality of paired error rates, not equality of F1; do not pool repeated test items across seeds"
H3,da,200,2,24,9,0.013530986849218607,"Tests equality of paired error rates, not equality of F1; do not pool repeated test items across seeds"
H3,da,200,3,20,14,0.39152830513194203,"Tests equality of paired error rates, not equality of F1; do not pool repeated test items across seeds"
H3,da,200,4,23,15,0.2558750795433298,"Tests equality of paired error rates, not equality of F1; do not pool repeated test items across seeds"
H3,da,200,5,26,10,0.011330984183587134,"Tests equality of paired error rates, not equality of F1; do not pool repeated test items across seeds"
H3,da,200,6,25,12,0.04703102743951604,"Tests equality of paired error rates, not equality of F1; do not pool repeated test items across seeds"
H3,da,200,7,25,22,0.7708669945730263,"Tests equality of paired error rates, not equality of F1; do not pool repeated test items across seeds"
H3,da,200,8,28,8,0.0011932429624721408,"Tests equality of paired error rates, not equality of F1; do not pool repeated test items across seeds"
H3,da,200,9,34,23,0.18485048241641844,"Tests equality of paired error rates, not equality of F1; do not pool repeated test items across seeds"
H1,ab,200,0,38,13,0.0006210434562277101,"Tests equality of paired error rates, not equality of F1; do not pool repeated test items across seeds"
H1,ab,200,1,4,12,0.076812744140625,"Tests equality of paired error rates, not equality of F1; do not pool repeated test items across seeds"
H1,ab,200,2,27,8,0.0018782254774123432,"Tests equality of paired error rates, not equality of F1; do not pool repeated test items across seeds"
H1,ab,200,3,33,20,0.09837064844049181,"Tests equality of paired error rates, not equality of F1; do not pool repeated test items across seeds"
H1,ab,200,4,14,14,1.0,"Tests equality of paired error rates, not equality of F1; do not pool repeated test items across seeds"
H1,ab,200,5,18,11,0.26493089646101,"Tests equality of paired error rates, not equality of F1; do not pool repeated test items across seeds"
H1,ab,200,6,22,10,0.050102459732443094,"Tests equality of paired error rates, not equality of F1; do not pool repeated test items across seeds"
H1,ab,200,7,12,4,0.076812744140625,"Tests equality of paired error rates, not equality of F1; do not pool repeated test items across seeds"
H1,ab,200,8,14,16,0.8555355519056321,"Tests equality of paired error rates, not equality of F1; do not pool repeated test items across seeds"
H1,ab,200,9,13,3,0.021270751953125,"Tests equality of paired error rates, not equality of F1; do not pool repeated test items across seeds"
H3,ab,50,0,255,37,3.2621774481565333e-41,"Tests equality of paired error rates, not equality of F1; do not pool repeated test items across seeds"
H3,ab,50,1,170,19,1.6534283815719986e-31,"Tests equality of paired error rates, not equality of F1; do not pool repeated test items across seeds"
H3,ab,50,2,149,10,6.248332838651919e-33,"Tests equality of paired error rates, not equality of F1; do not pool repeated test items across seeds"
H3,ab,50,3,167,31,9.765660002940914e-24,"Tests equality of paired error rates, not equality of F1; do not pool repeated test items across seeds"
H3,ab,50,4,166,11,1.088823168203808e-36,"Tests equality of paired error rates, not equality of F1; do not pool repeated test items across seeds"
H3,ab,50,5,194,169,0.20772626240044026,"Tests equality of paired error rates, not equality of F1; do not pool repeated test items across seeds"
H3,ab,50,6,184,17,1.3696494383527866e-36,"Tests equality of paired error rates, not equality of F1; do not pool repeated test items across seeds"
H3,ab,50,7,182,38,9.863279232730443e-24,"Tests equality of paired error rates, not equality of F1; do not pool repeated test items across seeds"
H3,ab,50,8,254,31,1.0311879228399476e-44,"Tests equality of paired error rates, not equality of F1; do not pool repeated test items across seeds"
H3,ab,50,9,285,12,6.436140657550526e-69,"Tests equality of paired error rates, not equality of F1; do not pool repeated test items across seeds"
H3,ab,200,0,562,13,1.7416716446696698e-147,"Tests equality of paired error rates, not equality of F1; do not pool repeated test items across seeds"
H3,ab,200,1,196,31,1.699868790301168e-30,"Tests equality of paired error rates, not equality of F1; do not pool repeated test items across seeds"
H3,ab,200,2,281,9,3.662150475114428e-71,"Tests equality of paired error rates, not equality of F1; do not pool repeated test items across seeds"
H3,ab,200,3,183,14,1.0210038173168868e-38,"Tests equality of paired error rates, not equality of F1; do not pool repeated test items across seeds"
H3,ab,200,4,186,34,1.4611178490600146e-26,"Tests equality of paired error rates, not equality of F1; do not pool repeated test items across seeds"
H3,ab,200,5,306,17,1.0287456040121427e-69,"Tests equality of paired error rates, not equality of F1; do not pool repeated test items across seeds"
H3,ab,200,6,197,20,9.426522157279348e-38,"Tests equality of paired error rates, not equality of F1; do not pool repeated test items across seeds"
H3,ab,200,7,163,27,6.7556859155166345e-25,"Tests equality of paired error rates, not equality of F1; do not pool repeated test items across seeds"
H3,ab,200,8,371,16,5.8575247081034975e-89,"Tests equality of paired error rates, not equality of F1; do not pool repeated test items across seeds"
H3,ab,200,9,336,10,8.544421186549072e-86,"Tests equality of paired error rates, not equality of F1; do not pool repeated test items across seeds"
