hypothesis,dataset,budget,system_A,system_B,f1_A,f1_B,delta_B_minus_A,delta_ci_low,delta_ci_high,f1_A_ci_low,f1_A_ci_high,f1_B_ci_low,f1_B_ci_high,replicates,n_seeds,n_test,bootstrap_tail_fraction,status,note
H1,wa,200,J-H1+LR,J-D+LR,85.9289078448034,87.61190503390269,1.6829971890992823,-0.3204915688872898,3.4109151754321196,84.65155061173813,87.13507041293771,85.57466021389654,89.37400423505794,2000,10,2049,0.087,UNFROZEN_DESCRIPTIVE,Bootstrap tail fraction is not labeled as a formal p-value; whole primary Holm family incomplete
H3,wa,50,M+LR,J-D+LR,51.43448748140122,82.00953053513916,30.575043053737943,17.527307682344617,44.68545504816513,38.77943573788043,62.157330414360636,75.88708851895606,86.51908363263864,2000,10,2049,0.0,UNFROZEN_DESCRIPTIVE,Bootstrap tail fraction is not labeled as a formal p-value; whole primary Holm family incomplete
H3,wa,200,M+LR,J-D+LR,70.23570678664707,87.61190503390269,17.376198247255616,14.540739517898434,20.058267060291023,67.8605628536002,72.19061253951291,85.58202849596168,89.35571829920372,2000,10,2049,0.0,UNFROZEN_DESCRIPTIVE,Bootstrap tail fraction is not labeled as a formal p-value; whole primary Holm family incomplete
H1,ag,200,J-H1+LR,J-D+LR,65.84775413868695,67.29590969098402,1.4481555522970666,-1.3302316974369073,4.2199487734196275,63.995276760371674,67.6853162975829,64.9807649075275,69.38360956706202,2000,10,2293,0.302,UNFROZEN_DESCRIPTIVE,Bootstrap tail fraction is not labeled as a formal p-value; whole primary Holm family incomplete
H3,ag,50,M+LR,J-D+LR,43.887176974423866,64.23344341246322,20.34626643803935,14.547228950034148,26.516228193653294,36.896256960436865,49.42806586883901,61.2240507804645,66.78499186863235,2000,10,2293,0.0,UNFROZEN_DESCRIPTIVE,Bootstrap tail fraction is not labeled as a formal p-value; whole primary Holm family incomplete
H3,ag,200,M+LR,J-D+LR,52.25424373978876,67.29590969098402,15.041665951195256,11.410898811281163,19.23590602929002,48.96362479551447,54.855749084535745,64.86257919282008,69.27683278195038,2000,10,2293,0.0,UNFROZEN_DESCRIPTIVE,Bootstrap tail fraction is not labeled as a formal p-value; whole primary Holm family incomplete
H1,da,200,J-H1+LR,J-D+LR,96.93154172849248,95.52337246122269,-1.408169267269784,-1.9443185351525998,-0.8665321048354813,96.53776981437255,97.29277173770399,94.99882767864207,96.01094051347373,2000,10,2473,0.0,UNFROZEN_DESCRIPTIVE,Bootstrap tail fraction is not labeled as a formal p-value; whole primary Holm family incomplete
H3,da,50,M+LR,J-D+LR,91.6493739042042,91.23464057791335,-0.41473332629084325,-4.2849978947108704,2.6783757127834775,90.363452130116,92.87837564888143,87.03071058886772,94.21122402444784,2000,10,2473,0.902,UNFROZEN_DESCRIPTIVE,Bootstrap tail fraction is not labeled as a formal p-value; whole primary Holm family incomplete
H3,da,200,M+LR,J-D+LR,94.3843243533294,95.52337246122269,1.139048107893288,0.5732195121769298,1.6994901602160097,93.80970903302047,94.93240645544331,94.99479084149554,96.02221757858209,2000,10,2473,0.0,UNFROZEN_DESCRIPTIVE,Bootstrap tail fraction is not labeled as a formal p-value; whole primary Holm family incomplete
H1,ab,200,J-H1+LR,J-D+LR,89.90356326929276,91.8959184793403,1.9923552100475348,0.4819868827679951,3.5949173167981296,88.76727704933852,90.88457180982476,90.28514267607527,93.32643609798622,2000,10,1916,0.007,UNFROZEN_DESCRIPTIVE,Bootstrap tail fraction is not labeled as a formal p-value; whole primary Holm family incomplete
H3,ab,50,M+LR,J-D+LR,38.19309168865262,87.73116229857297,49.53807060992035,43.6193137176521,56.21729300131088,31.134242120160202,44.296847726850494,83.01046491075935,91.0080055213024,2000,10,1916,0.0,UNFROZEN_DESCRIPTIVE,Bootstrap tail fraction is not labeled as a formal p-value; whole primary Holm family incomplete
H3,ab,200,M+LR,J-D+LR,43.80974338556479,91.8959184793403,48.0861750937755,44.95464975874127,51.498534396518366,41.22976115021544,46.15527645435665,90.33631516750592,93.30859443849711,2000,10,1916,0.0,UNFROZEN_DESCRIPTIVE,Bootstrap tail fraction is not labeled as a formal p-value; whole primary Holm family incomplete
