pair_id,label,probability,prediction,clean_prediction,threshold
ab-test-000002,0,0.019990354978112607,0,0,0.3376756780174958
ab-test-000003,1,0.0013192147030948378,0,0,0.3376756780174958
ab-test-000004,0,0.6030862645508819,1,0,0.3376756780174958
ab-test-000027,0,0.05440559570555391,0,0,0.3376756780174958
ab-test-000029,0,0.6149399533932176,1,1,0.3376756780174958
ab-test-000030,0,0.6708001512909731,1,0,0.3376756780174958
ab-test-000035,0,0.025994165476205144,0,0,0.3376756780174958
ab-test-000046,1,0.17136530572392333,0,1,0.3376756780174958
ab-test-000047,1,0.00719499994051827,0,1,0.3376756780174958
ab-test-000048,0,0.0229400561837244,0,0,0.3376756780174958
ab-test-000050,0,0.6787154328248652,1,0,0.3376756780174958
ab-test-000051,1,0.009927162027770865,0,1,0.3376756780174958
ab-test-000054,1,0.0017803404629582384,0,1,0.3376756780174958
ab-test-000061,0,0.4929869156101118,1,0,0.3376756780174958
ab-test-000071,0,0.007118250942786289,0,0,0.3376756780174958
ab-test-000074,0,0.19334607269447043,0,0,0.3376756780174958
ab-test-000082,0,0.9242690484228382,1,0,0.3376756780174958
ab-test-000087,0,0.6514108437010405,1,0,0.3376756780174958
ab-test-000088,0,0.0396703991600867,0,0,0.3376756780174958
ab-test-000090,0,0.3853831762157,1,0,0.3376756780174958
ab-test-000100,0,0.11250613180747561,0,0,0.3376756780174958
ab-test-000101,0,0.30487050223649054,0,0,0.3376756780174958
ab-test-000104,0,0.07510491848838212,0,0,0.3376756780174958
ab-test-000112,1,0.005868803428811795,0,0,0.3376756780174958
ab-test-000124,1,0.04911089179637142,0,1,0.3376756780174958
ab-test-000126,1,0.06396283242385153,0,1,0.3376756780174958
ab-test-000127,1,0.018896604438955234,0,1,0.3376756780174958
ab-test-000131,0,0.02061005509950651,0,0,0.3376756780174958
ab-test-000139,0,0.25414868283677994,0,0,0.3376756780174958
ab-test-000141,0,0.23037331501122038,0,0,0.3376756780174958
ab-test-000142,0,0.04143980473929685,0,0,0.3376756780174958
ab-test-000144,0,0.043735537532813305,0,0,0.3376756780174958
ab-test-000151,1,0.01399309474979258,0,1,0.3376756780174958
ab-test-000155,1,0.03996036591937818,0,1,0.3376756780174958
ab-test-000158,0,0.399087018469644,1,0,0.3376756780174958
ab-test-000161,0,0.03649619091687407,0,0,0.3376756780174958
ab-test-000166,0,0.04731800445515868,0,0,0.3376756780174958
ab-test-000170,0,0.28468833768011975,0,0,0.3376756780174958
ab-test-000178,1,0.00399208775807004,0,1,0.3376756780174958
ab-test-000181,1,0.005569801164918309,0,1,0.3376756780174958
ab-test-000182,0,0.002416082414889769,0,0,0.3376756780174958
ab-test-000184,1,0.02598228958238633,0,1,0.3376756780174958
ab-test-000187,0,0.5510375872712173,1,0,0.3376756780174958
ab-test-000188,0,0.11339692165345752,0,0,0.3376756780174958
ab-test-000191,0,0.04455052919817785,0,0,0.3376756780174958
ab-test-000208,1,0.0038502414933694984,0,0,0.3376756780174958
ab-test-000209,0,0.11563549567371582,0,0,0.3376756780174958
ab-test-000212,0,0.0032132292072199003,0,0,0.3376756780174958
ab-test-000213,0,0.7259808732683667,1,0,0.3376756780174958
ab-test-000218,0,0.023646959696280095,0,0,0.3376756780174958
ab-test-000221,0,0.01528394648566737,0,0,0.3376756780174958
ab-test-000230,0,0.049624585423396005,0,0,0.3376756780174958
ab-test-000234,0,0.8324538448221973,1,0,0.3376756780174958
ab-test-000235,0,0.3173528533974082,0,0,0.3376756780174958
ab-test-000245,1,0.06047457917429312,0,1,0.3376756780174958
ab-test-000253,0,0.9548760285565827,1,0,0.3376756780174958
ab-test-000266,0,0.005883580412922421,0,0,0.3376756780174958
ab-test-000267,0,0.05668657445647804,0,0,0.3376756780174958
ab-test-000269,0,0.0015281467736636429,0,0,0.3376756780174958
ab-test-000270,0,0.015603789544929416,0,0,0.3376756780174958
ab-test-000275,0,0.028436199002443745,0,0,0.3376756780174958
ab-test-000283,0,0.18091740140174045,0,0,0.3376756780174958
ab-test-000284,0,0.008844239816381076,0,0,0.3376756780174958
ab-test-000285,0,0.007862222004424142,0,0,0.3376756780174958
ab-test-000296,1,0.026219161430008697,0,1,0.3376756780174958
ab-test-000297,0,0.3712540416411604,1,0,0.3376756780174958
ab-test-000302,0,0.014477028176902974,0,0,0.3376756780174958
ab-test-000309,0,0.013751815036847852,0,0,0.3376756780174958
ab-test-000311,1,0.00451343727843916,0,1,0.3376756780174958
ab-test-000314,1,0.005645636611033806,0,1,0.3376756780174958
ab-test-000318,1,0.007915143086272104,0,1,0.3376756780174958
ab-test-000321,0,0.002079553148733969,0,0,0.3376756780174958
ab-test-000322,0,0.02219183390819767,0,0,0.3376756780174958
ab-test-000327,0,0.2964632984248247,0,0,0.3376756780174958
ab-test-000331,1,0.0006736999447848432,0,1,0.3376756780174958
ab-test-000337,1,0.03206955256707105,0,1,0.3376756780174958
ab-test-000338,0,0.07370234580874661,0,0,0.3376756780174958
ab-test-000339,0,0.039742380384183,0,0,0.3376756780174958
ab-test-000345,0,0.13268782341590268,0,0,0.3376756780174958
ab-test-000346,1,0.0010491347218304393,0,0,0.3376756780174958
ab-test-000354,0,0.08847815031759812,0,0,0.3376756780174958
ab-test-000362,0,0.07501140393565711,0,0,0.3376756780174958
ab-test-000364,0,0.18926930274512457,0,0,0.3376756780174958
ab-test-000368,0,0.32165700610677017,0,0,0.3376756780174958
ab-test-000373,0,0.5943326780715336,1,0,0.3376756780174958
ab-test-000382,0,0.03150438394380358,0,0,0.3376756780174958
ab-test-000384,1,0.01957843437616418,0,1,0.3376756780174958
ab-test-000391,0,0.3816474753544712,1,0,0.3376756780174958
ab-test-000394,0,0.2573534651920412,0,0,0.3376756780174958
ab-test-000399,1,0.004565170617473337,0,1,0.3376756780174958
ab-test-000401,1,0.011954410657099991,0,1,0.3376756780174958
ab-test-000402,1,0.008772973346450953,0,1,0.3376756780174958
ab-test-000404,1,0.002575753744826145,0,1,0.3376756780174958
ab-test-000407,0,0.8507610187993826,1,0,0.3376756780174958
ab-test-000419,1,0.0040776331484439505,0,1,0.3376756780174958
ab-test-000420,0,0.6631809462658168,1,0,0.3376756780174958
ab-test-000428,0,0.4099572430172448,1,0,0.3376756780174958
ab-test-000430,0,0.7699237696453803,1,0,0.3376756780174958
ab-test-000431,1,0.0017623631222287329,0,1,0.3376756780174958
ab-test-000435,0,0.22900679246891928,0,0,0.3376756780174958
ab-test-000439,0,0.0243379431497917,0,0,0.3376756780174958
ab-test-000440,0,0.7647180469645384,1,0,0.3376756780174958
ab-test-000442,0,0.06986943756906719,0,0,0.3376756780174958
ab-test-000444,0,0.2518069646369108,0,0,0.3376756780174958
ab-test-000446,0,0.0014012696732218922,0,0,0.3376756780174958
ab-test-000451,0,0.5478085473571219,1,0,0.3376756780174958
ab-test-000461,0,0.6197878024323652,1,0,0.3376756780174958
ab-test-000469,0,0.046471246213756486,0,0,0.3376756780174958
ab-test-000471,0,0.8400542996347392,1,0,0.3376756780174958
ab-test-000474,1,0.004398303434461889,0,0,0.3376756780174958
ab-test-000485,0,0.46034175679807404,1,0,0.3376756780174958
ab-test-000494,1,0.019586254531733904,0,1,0.3376756780174958
ab-test-000495,0,0.030637001283751925,0,0,0.3376756780174958
ab-test-000503,0,0.12408654952638894,0,0,0.3376756780174958
ab-test-000505,0,0.007507405869737907,0,0,0.3376756780174958
ab-test-000509,0,0.06487550467051913,0,0,0.3376756780174958
ab-test-000510,0,0.6793667047372053,1,0,0.3376756780174958
ab-test-000512,0,0.8312348349578097,1,0,0.3376756780174958
ab-test-000514,0,0.0031643047253157035,0,0,0.3376756780174958
ab-test-000543,0,0.25627193817187516,0,0,0.3376756780174958
ab-test-000544,1,0.0006360993014497844,0,0,0.3376756780174958
ab-test-000552,0,0.011028308181849689,0,0,0.3376756780174958
ab-test-000554,0,0.044391190901727585,0,0,0.3376756780174958
ab-test-000555,0,0.789259482314815,1,0,0.3376756780174958
ab-test-000559,0,0.0033814023281858014,0,0,0.3376756780174958
ab-test-000561,0,0.019540384312961123,0,0,0.3376756780174958
ab-test-000564,0,0.7340823726718162,1,0,0.3376756780174958
ab-test-000567,1,0.3522728557399205,1,1,0.3376756780174958
ab-test-000579,0,0.0010941947771826225,0,0,0.3376756780174958
ab-test-000596,0,0.9569464073003737,1,1,0.3376756780174958
ab-test-000597,1,0.02726263647501221,0,1,0.3376756780174958
ab-test-000599,0,0.22378332718490243,0,0,0.3376756780174958
ab-test-000600,0,0.1378760984413934,0,0,0.3376756780174958
ab-test-000624,1,0.0055112682538589535,0,1,0.3376756780174958
ab-test-000625,0,0.10407088700660141,0,0,0.3376756780174958
ab-test-000632,1,0.001766200295568266,0,1,0.3376756780174958
ab-test-000634,0,0.568483185733802,1,0,0.3376756780174958
ab-test-000635,0,0.27941960796162857,0,0,0.3376756780174958
ab-test-000641,1,0.0021636391057479813,0,0,0.3376756780174958
ab-test-000648,0,0.05247268248821984,0,0,0.3376756780174958
ab-test-000650,0,0.8631462194022417,1,0,0.3376756780174958
ab-test-000663,0,0.6694309241730207,1,0,0.3376756780174958
ab-test-000665,1,0.000586205580898811,0,0,0.3376756780174958
ab-test-000670,0,0.296337503414,0,0,0.3376756780174958
ab-test-000672,0,0.23136720664670865,0,0,0.3376756780174958
ab-test-000679,1,0.038129232645806664,0,1,0.3376756780174958
ab-test-000686,1,0.0055484626938324035,0,1,0.3376756780174958
ab-test-000696,0,0.028834341112531345,0,0,0.3376756780174958
ab-test-000697,0,0.16992041666302446,0,0,0.3376756780174958
ab-test-000701,0,0.5673876932145846,1,0,0.3376756780174958
ab-test-000714,1,0.0017040737472873737,0,0,0.3376756780174958
ab-test-000716,0,0.12330786931506676,0,0,0.3376756780174958
ab-test-000718,0,0.06127391988889039,0,0,0.3376756780174958
ab-test-000725,1,0.04018070733756554,0,1,0.3376756780174958
ab-test-000731,0,0.0035717345377803402,0,0,0.3376756780174958
ab-test-000733,0,0.15608581489165418,0,0,0.3376756780174958
ab-test-000740,0,0.05551844656387693,0,0,0.3376756780174958
ab-test-000745,1,0.009368838753910268,0,1,0.3376756780174958
ab-test-000746,1,0.016499048934109622,0,1,0.3376756780174958
ab-test-000752,0,0.008803007944626885,0,0,0.3376756780174958
ab-test-000754,0,0.6698076709349449,1,0,0.3376756780174958
ab-test-000764,0,0.07956144453021621,0,0,0.3376756780174958
ab-test-000769,0,0.4867216441854802,1,0,0.3376756780174958
ab-test-000770,0,0.1879102963027562,0,0,0.3376756780174958
ab-test-000772,1,0.07788957844045352,0,1,0.3376756780174958
ab-test-000773,0,0.01730418097185078,0,0,0.3376756780174958
ab-test-000775,0,0.21859437408701335,0,0,0.3376756780174958
ab-test-000776,0,0.8423185792352801,1,0,0.3376756780174958
ab-test-000790,0,0.7463524076285537,1,0,0.3376756780174958
ab-test-000808,0,0.2691714649646488,0,0,0.3376756780174958
ab-test-000812,1,0.004785993405041367,0,1,0.3376756780174958
ab-test-000813,0,0.027151678766800483,0,0,0.3376756780174958
ab-test-000816,0,0.1759487846866098,0,0,0.3376756780174958
ab-test-000824,0,0.0013154270585392788,0,0,0.3376756780174958
ab-test-000826,0,0.2574168886253846,0,0,0.3376756780174958
ab-test-000827,0,0.1389587263881431,0,0,0.3376756780174958
ab-test-000828,1,0.1292970195988698,0,1,0.3376756780174958
ab-test-000829,0,0.05655747060657934,0,0,0.3376756780174958
ab-test-000839,1,0.002268162182110109,0,1,0.3376756780174958
ab-test-000854,0,0.3619051896644938,1,0,0.3376756780174958
ab-test-000857,0,0.586510564551841,1,0,0.3376756780174958
ab-test-000866,1,0.0015269693438314093,0,0,0.3376756780174958
ab-test-000873,0,0.8384360697946414,1,1,0.3376756780174958
ab-test-000887,0,0.19741849038718065,0,0,0.3376756780174958
ab-test-000893,0,0.004395966726187482,0,0,0.3376756780174958
ab-test-000894,0,0.0021523490423754153,0,0,0.3376756780174958
ab-test-000897,1,0.01854937792088438,0,1,0.3376756780174958
ab-test-000902,0,0.5263233165092515,1,0,0.3376756780174958
ab-test-000908,1,0.019469225509612838,0,1,0.3376756780174958
ab-test-000918,0,0.0125049133776063,0,0,0.3376756780174958
ab-test-000919,1,0.004323328926281,0,1,0.3376756780174958
ab-test-000927,0,0.6315746446484111,1,0,0.3376756780174958
ab-test-000935,0,0.17155430746224115,0,0,0.3376756780174958
ab-test-000945,1,0.008937805076905253,0,1,0.3376756780174958
ab-test-000946,0,0.025641697679566196,0,0,0.3376756780174958
ab-test-000955,0,0.13205268321522937,0,0,0.3376756780174958
ab-test-000963,0,0.007254793102645076,0,0,0.3376756780174958
ab-test-000965,0,0.45433067325818377,1,0,0.3376756780174958
ab-test-000968,0,0.007500251595648282,0,0,0.3376756780174958
ab-test-000979,0,0.028090090978070935,0,0,0.3376756780174958
ab-test-000980,0,0.020010407986983766,0,0,0.3376756780174958
ab-test-000998,0,0.3388702254326234,1,0,0.3376756780174958
ab-test-001002,0,0.18621577618067747,0,0,0.3376756780174958
ab-test-001015,0,0.24380127207756,0,0,0.3376756780174958
ab-test-001016,0,0.1239273239666453,0,0,0.3376756780174958
ab-test-001021,0,0.09157299567683777,0,0,0.3376756780174958
ab-test-001023,0,0.007961063988127482,0,0,0.3376756780174958
ab-test-001025,0,0.021533458027618548,0,0,0.3376756780174958
ab-test-001028,0,0.012567404033262867,0,0,0.3376756780174958
ab-test-001031,1,0.22321134628531808,0,1,0.3376756780174958
ab-test-001034,0,0.02562225341033862,0,0,0.3376756780174958
ab-test-001050,0,0.5416861833278543,1,0,0.3376756780174958
ab-test-001069,0,0.09491290694795608,0,0,0.3376756780174958
ab-test-001076,0,0.7669588294171595,1,0,0.3376756780174958
ab-test-001078,0,0.22689836945253403,0,0,0.3376756780174958
ab-test-001079,0,0.509687949919857,1,0,0.3376756780174958
ab-test-001081,1,0.013343760675617024,0,1,0.3376756780174958
ab-test-001089,0,0.03594545983497221,0,0,0.3376756780174958
ab-test-001090,0,0.4385649423536682,1,0,0.3376756780174958
ab-test-001095,0,0.09948178152387652,0,0,0.3376756780174958
ab-test-001101,0,0.05044315649759978,0,0,0.3376756780174958
ab-test-001103,1,0.03458241914441869,0,1,0.3376756780174958
ab-test-001107,1,0.0027987893693485924,0,1,0.3376756780174958
ab-test-001113,0,0.03769800006536078,0,0,0.3376756780174958
ab-test-001114,0,0.7244820866510318,1,0,0.3376756780174958
ab-test-001121,0,0.10510906527628777,0,0,0.3376756780174958
ab-test-001122,1,0.0066362775735719255,0,1,0.3376756780174958
ab-test-001128,0,0.24719343227402119,0,0,0.3376756780174958
ab-test-001130,0,0.47312778068555517,1,0,0.3376756780174958
ab-test-001143,1,0.1335287703877928,0,1,0.3376756780174958
ab-test-001154,0,0.36904411391439673,1,1,0.3376756780174958
ab-test-001157,0,0.20131672868271047,0,0,0.3376756780174958
ab-test-001164,0,0.13502594899140893,0,0,0.3376756780174958
ab-test-001165,0,0.0816699270707238,0,0,0.3376756780174958
ab-test-001171,1,0.0012083864668622668,0,0,0.3376756780174958
ab-test-001173,0,0.4377603428386785,1,0,0.3376756780174958
ab-test-001174,1,0.02253424790333468,0,1,0.3376756780174958
ab-test-001194,0,0.050025452751838714,0,0,0.3376756780174958
ab-test-001195,0,0.022226818297478364,0,0,0.3376756780174958
ab-test-001202,0,0.30030029181586015,0,0,0.3376756780174958
ab-test-001214,0,0.07637361718801369,0,0,0.3376756780174958
ab-test-001220,0,0.41906196627185016,1,0,0.3376756780174958
ab-test-001224,0,0.2037163796165753,0,0,0.3376756780174958
ab-test-001237,0,0.07562892934782237,0,0,0.3376756780174958
ab-test-001238,0,0.04788031600265032,0,0,0.3376756780174958
ab-test-001243,0,0.746639789588689,1,0,0.3376756780174958
ab-test-001245,0,0.9074047818233949,1,0,0.3376756780174958
ab-test-001252,0,0.0048404902469706915,0,0,0.3376756780174958
ab-test-001253,0,0.793223852428142,1,0,0.3376756780174958
ab-test-001255,0,0.4469251417663698,1,0,0.3376756780174958
ab-test-001260,0,0.026991160113461303,0,0,0.3376756780174958
ab-test-001264,0,0.6165546179720247,1,0,0.3376756780174958
ab-test-001267,1,0.5261711727050242,1,1,0.3376756780174958
ab-test-001272,1,0.28807563546735926,0,1,0.3376756780174958
ab-test-001282,0,0.12532226902403976,0,0,0.3376756780174958
ab-test-001284,0,0.06422785794360694,0,0,0.3376756780174958
ab-test-001300,0,0.06674311137507725,0,0,0.3376756780174958
ab-test-001301,0,0.850685587030639,1,1,0.3376756780174958
ab-test-001303,0,0.14270805247640048,0,0,0.3376756780174958
ab-test-001304,0,0.003551807845314416,0,0,0.3376756780174958
ab-test-001313,0,0.9724276689553729,1,1,0.3376756780174958
ab-test-001316,0,0.005687732399376704,0,0,0.3376756780174958
ab-test-001317,0,0.3508762968695642,1,0,0.3376756780174958
ab-test-001327,0,0.3880204984773458,1,0,0.3376756780174958
ab-test-001332,1,0.0033004019719123584,0,1,0.3376756780174958
ab-test-001335,0,0.5979553669494652,1,1,0.3376756780174958
ab-test-001344,0,0.018463368668000246,0,0,0.3376756780174958
ab-test-001345,0,0.350166991925498,1,0,0.3376756780174958
ab-test-001349,0,0.2951966181758624,0,0,0.3376756780174958
ab-test-001350,0,0.02176769656060174,0,0,0.3376756780174958
ab-test-001359,0,0.025297269009225635,0,0,0.3376756780174958
ab-test-001363,0,0.8076641055112859,1,1,0.3376756780174958
ab-test-001364,0,0.018941249676384386,0,0,0.3376756780174958
ab-test-001374,0,0.3129367653722654,0,0,0.3376756780174958
ab-test-001375,0,0.005321811746825057,0,0,0.3376756780174958
ab-test-001377,0,0.01774307572373972,0,0,0.3376756780174958
ab-test-001382,0,0.01225839121691896,0,0,0.3376756780174958
ab-test-001383,0,0.8235704821568248,1,0,0.3376756780174958
ab-test-001391,0,0.27342125831456765,0,0,0.3376756780174958
ab-test-001393,0,0.21177309002250777,0,0,0.3376756780174958
ab-test-001394,1,0.0032353300691073824,0,1,0.3376756780174958
ab-test-001396,0,0.16877308562710788,0,0,0.3376756780174958
ab-test-001397,0,0.5592543961255653,1,0,0.3376756780174958
ab-test-001401,1,0.013921972903972818,0,1,0.3376756780174958
ab-test-001410,0,0.15136436659411462,0,0,0.3376756780174958
ab-test-001414,0,0.04680674738063143,0,0,0.3376756780174958
ab-test-001415,0,0.00489017815209039,0,0,0.3376756780174958
ab-test-001425,0,0.7367602679299526,1,0,0.3376756780174958
ab-test-001437,0,0.002022356188865241,0,0,0.3376756780174958
ab-test-001444,0,0.6003566203965491,1,0,0.3376756780174958
ab-test-001445,0,0.11993757558670048,0,0,0.3376756780174958
ab-test-001447,0,0.029971907663423288,0,0,0.3376756780174958
ab-test-001451,1,0.010684778717895737,0,1,0.3376756780174958
ab-test-001453,1,0.04878853566423583,0,1,0.3376756780174958
ab-test-001454,0,0.4993503559455195,1,0,0.3376756780174958
ab-test-001459,1,0.042551728101177785,0,1,0.3376756780174958
ab-test-001461,0,0.40572030593139147,1,0,0.3376756780174958
ab-test-001463,0,0.007596676485693487,0,0,0.3376756780174958
ab-test-001477,0,0.009227203592574932,0,0,0.3376756780174958
ab-test-001482,0,0.3323077423993677,0,0,0.3376756780174958
ab-test-001485,0,0.16892545483578036,0,0,0.3376756780174958
ab-test-001492,1,0.003524025107047433,0,1,0.3376756780174958
ab-test-001496,1,0.02728943194119332,0,1,0.3376756780174958
ab-test-001500,0,0.22556414573314743,0,0,0.3376756780174958
ab-test-001502,0,0.15417648019201424,0,0,0.3376756780174958
ab-test-001508,0,0.06953633155180385,0,0,0.3376756780174958
ab-test-001512,0,0.4849877817289124,1,0,0.3376756780174958
ab-test-001519,0,0.1684711800952342,0,0,0.3376756780174958
ab-test-001524,0,0.21350109706752307,0,0,0.3376756780174958
ab-test-001526,1,0.10470467092548677,0,1,0.3376756780174958
ab-test-001534,0,0.005372232646869951,0,0,0.3376756780174958
ab-test-001536,0,0.8269879586118836,1,1,0.3376756780174958
ab-test-001541,0,0.5979444076531321,1,0,0.3376756780174958
ab-test-001542,1,0.07356177890870556,0,1,0.3376756780174958
ab-test-001546,1,0.0015329258925435652,0,0,0.3376756780174958
ab-test-001550,1,0.019800714761189348,0,1,0.3376756780174958
ab-test-001551,0,0.009284180845367892,0,0,0.3376756780174958
ab-test-001552,0,0.7726055084544847,1,0,0.3376756780174958
ab-test-001554,0,0.11451819394651441,0,0,0.3376756780174958
ab-test-001556,0,0.29851303619983954,0,0,0.3376756780174958
ab-test-001557,1,0.15446829400674653,0,1,0.3376756780174958
ab-test-001561,1,0.09335519045727549,0,1,0.3376756780174958
ab-test-001562,0,0.016922080871548877,0,0,0.3376756780174958
ab-test-001563,0,0.0038475241180360364,0,0,0.3376756780174958
ab-test-001569,1,0.005573139032101002,0,1,0.3376756780174958
ab-test-001579,0,0.4402213021452417,1,0,0.3376756780174958
ab-test-001583,1,0.0039840748313922265,0,1,0.3376756780174958
ab-test-001588,1,0.02251115031023406,0,1,0.3376756780174958
ab-test-001597,1,0.0458866215387357,0,1,0.3376756780174958
ab-test-001598,0,0.004643987924676069,0,0,0.3376756780174958
ab-test-001600,0,0.03631089277589556,0,0,0.3376756780174958
ab-test-001601,1,0.3432500283151327,1,1,0.3376756780174958
ab-test-001603,0,0.5726691900130653,1,0,0.3376756780174958
ab-test-001604,1,0.011375364216214759,0,1,0.3376756780174958
ab-test-001606,0,0.09836840199128526,0,0,0.3376756780174958
ab-test-001608,0,0.002481265521102951,0,0,0.3376756780174958
ab-test-001609,0,0.6383724217421388,1,0,0.3376756780174958
ab-test-001611,1,0.00623446594498804,0,0,0.3376756780174958
ab-test-001614,0,0.6823013386269117,1,0,0.3376756780174958
ab-test-001617,0,0.5446247557579872,1,0,0.3376756780174958
ab-test-001618,1,0.022552004459560345,0,1,0.3376756780174958
ab-test-001621,0,0.16140198543962248,0,0,0.3376756780174958
ab-test-001622,1,0.0010050184787028884,0,0,0.3376756780174958
ab-test-001628,0,0.25513568862425723,0,0,0.3376756780174958
ab-test-001630,0,0.017103039160668906,0,0,0.3376756780174958
ab-test-001643,0,0.4587727709774645,1,0,0.3376756780174958
ab-test-001648,0,0.8149441607652014,1,0,0.3376756780174958
ab-test-001651,0,0.6358303611569784,1,0,0.3376756780174958
ab-test-001669,0,0.8378432814111604,1,1,0.3376756780174958
ab-test-001674,0,0.8755923826515879,1,0,0.3376756780174958
ab-test-001675,0,0.37189227408145836,1,0,0.3376756780174958
ab-test-001678,0,0.025588535126772376,0,0,0.3376756780174958
ab-test-001688,1,0.013053347399788426,0,1,0.3376756780174958
ab-test-001689,1,0.01684688863536676,0,1,0.3376756780174958
ab-test-001696,0,0.03649470798372216,0,0,0.3376756780174958
ab-test-001703,0,0.2882126629265398,0,0,0.3376756780174958
ab-test-001717,0,0.005203588925111067,0,0,0.3376756780174958
ab-test-001727,1,0.008544520108901731,0,1,0.3376756780174958
ab-test-001733,0,0.060418033540330804,0,0,0.3376756780174958
ab-test-001737,1,0.0297735724026291,0,1,0.3376756780174958
ab-test-001738,0,0.0035322611176467587,0,0,0.3376756780174958
ab-test-001739,0,0.43608097934046675,1,0,0.3376756780174958
ab-test-001748,0,0.002234532651455011,0,0,0.3376756780174958
ab-test-001760,0,0.06815467778055657,0,0,0.3376756780174958
ab-test-001770,0,0.24995497363676103,0,0,0.3376756780174958
ab-test-001772,1,0.04285173466697805,0,1,0.3376756780174958
ab-test-001777,1,0.010552925505874139,0,1,0.3376756780174958
ab-test-001796,0,0.8600525060032805,1,0,0.3376756780174958
ab-test-001798,0,0.04430632154167236,0,0,0.3376756780174958
ab-test-001800,0,0.010641530181207504,0,0,0.3376756780174958
ab-test-001808,1,0.07333449489912655,0,1,0.3376756780174958
ab-test-001809,0,0.06736749486321283,0,0,0.3376756780174958
ab-test-001819,0,0.027372632643637974,0,0,0.3376756780174958
ab-test-001823,1,0.07657164805391067,0,1,0.3376756780174958
ab-test-001824,0,0.011036748580185603,0,0,0.3376756780174958
ab-test-001832,0,0.004265967920404509,0,0,0.3376756780174958
ab-test-001835,0,0.0016741481502208773,0,0,0.3376756780174958
ab-test-001837,0,0.1594181506547155,0,0,0.3376756780174958
ab-test-001842,0,0.4912727786372723,1,0,0.3376756780174958
ab-test-001843,0,0.006559888283337941,0,0,0.3376756780174958
ab-test-001844,1,0.02677750350414077,0,1,0.3376756780174958
ab-test-001847,0,0.01552933168943914,0,0,0.3376756780174958
ab-test-001859,0,0.7111664080525423,1,0,0.3376756780174958
ab-test-001862,0,0.09263072255335156,0,0,0.3376756780174958
ab-test-001868,0,0.31661167944302077,0,0,0.3376756780174958
ab-test-001870,0,0.022268344151163008,0,0,0.3376756780174958
ab-test-001873,0,0.24470947303981408,0,0,0.3376756780174958
ab-test-001882,0,0.2568475808165045,0,0,0.3376756780174958
ab-test-001883,1,0.03177860864424943,0,1,0.3376756780174958
ab-test-001887,1,0.018964585419708604,0,1,0.3376756780174958
ab-test-001891,0,0.4217079235744064,1,0,0.3376756780174958
ab-test-001892,0,0.04990032674353472,0,0,0.3376756780174958
ab-test-001893,1,0.0037348664060701895,0,1,0.3376756780174958
ab-test-001899,0,0.002929247642356044,0,0,0.3376756780174958
ab-test-001901,0,0.01740957552904711,0,0,0.3376756780174958
ab-test-001902,0,0.029912452460270016,0,0,0.3376756780174958
ab-test-001903,0,0.13844442274541574,0,0,0.3376756780174958
ab-test-001905,0,0.10703447934128012,0,0,0.3376756780174958
ab-test-001912,1,0.008402631449305482,0,1,0.3376756780174958
ab-test-001913,0,0.39360984181333386,1,0,0.3376756780174958
