dataset,system,budget,protocol,f1_original_mean,f1_retained_mean,delta_f1_mean,n_seeds,n_original,n_retained,n_excluded
ab,C+LR,1000,Full canonical test intersect diagnostic mask,60.7148341863169,61.218065870812076,0.5032316844951694,5,1916,1892,24
ab,C+LR,200,Full canonical test intersect diagnostic mask,57.7764324207551,58.27170861848155,0.4952761977264387,10,1916,1892,24
ab,C+LR,50,Full canonical test intersect diagnostic mask,43.119624602898384,43.46434825331194,0.34472365041355885,10,1916,1892,24
ab,C+LR,full,Full canonical test intersect diagnostic mask,60.31386800684728,60.84667601304246,0.5328080061951823,3,1916,1892,24
ab,Ditto,1000,Full canonical test intersect diagnostic mask,76.52402421334641,77.49378382331432,0.9697596099679137,3,1916,1892,24
ab,Ditto,200,Full canonical test intersect diagnostic mask,29.864233735201477,30.3116336215362,0.44739988633472433,3,1916,1892,24
ab,Ditto,50,Full canonical test intersect diagnostic mask,16.63209018680885,16.640817079931672,0.008726893122826004,3,1916,1892,24
ab,Ditto,full,Full canonical test intersect diagnostic mask,88.9908256880734,90.73634204275535,1.7455163546819534,1,1916,1892,24
ab,J-D+C+LR,1000,Full canonical test intersect diagnostic mask,92.92478946694305,93.88532434587762,0.9605348789345584,5,1916,1892,24
ab,J-D+C+LR,200,Full canonical test intersect diagnostic mask,91.54215629645418,93.12293695147285,1.5807806550186825,10,1916,1892,24
ab,J-D+C+LR,50,Full canonical test intersect diagnostic mask,87.61582518817579,88.87794684931171,1.2621216611359074,10,1916,1892,24
ab,J-D+C+LR,full,Full canonical test intersect diagnostic mask,93.99757652680682,94.71818543156765,0.7206089047608278,3,1916,1892,24
ab,J-D+LR,1000,Full canonical test intersect diagnostic mask,93.47317466411248,94.52773963518088,1.0545649710684046,5,1916,1892,24
ab,J-D+LR,200,Full canonical test intersect diagnostic mask,91.8959184793403,93.53269640715015,1.6367779278098467,10,1916,1892,24
ab,J-D+LR,50,Full canonical test intersect diagnostic mask,87.73116229857297,88.93179212322606,1.2006298246530847,10,1916,1892,24
ab,J-D+LR,full,Full canonical test intersect diagnostic mask,93.66290354525648,95.11698386069271,1.454080315436239,3,1916,1892,24
ab,J-D0,0,Full canonical test intersect diagnostic mask,57.34265734265735,57.879656160458445,0.5369988178010985,1,1916,1892,24
ab,J-H0,0,Full canonical test intersect diagnostic mask,90.44289044289044,92.71844660194175,2.2755561590513054,1,1916,1892,24
ab,J-H1+LR,1000,Full canonical test intersect diagnostic mask,90.51037398998501,92.71804296290433,2.2076689729193246,5,1916,1892,24
ab,J-H1+LR,200,Full canonical test intersect diagnostic mask,89.90356326929276,91.96829519942206,2.0647319301293052,10,1916,1892,24
ab,J-H1+LR,50,Full canonical test intersect diagnostic mask,88.00043825086951,89.7695497555188,1.7691115046492882,10,1916,1892,24
ab,J-H1+LR,full,Full canonical test intersect diagnostic mask,90.04524886877829,92.23529411764706,2.1900452488687705,3,1916,1892,24
ab,J-H1c,0,Full canonical test intersect diagnostic mask,91.2621359223301,93.19899244332494,1.9368565209948372,1,1916,1892,24
ab,J-H1n,0,Full canonical test intersect diagnostic mask,89.62264150943396,91.8918918918919,2.2692503824579404,1,1916,1892,24
ab,J-H1s,0,Full canonical test intersect diagnostic mask,89.33002481389578,91.47286821705426,2.14284340315848,1,1916,1892,24
ab,L1-D+LR,200,Fixed Luna 500 intersect diagnostic mask,93.95125635955655,95.88069918102921,1.9294428214726576,3,500,492,8
ab,L1-D+LR,50,Fixed Luna 500 intersect diagnostic mask,86.26806251392946,88.11008637095593,1.8420238570264662,3,500,492,8
ab,L1-H1,0,Fixed Luna 500 intersect diagnostic mask,92.17391304347827,94.44444444444444,2.2705314009661777,1,500,492,8
ab,L1-H1+LR,200,Fixed Luna 500 intersect diagnostic mask,92.79360319840079,95.09004417261298,2.296440974212184,3,500,492,8
ab,L1-H1+LR,50,Fixed Luna 500 intersect diagnostic mask,91.17200060596288,92.97709567570088,1.805095069738016,3,500,492,8
ab,L2-D+LR,1000,Full canonical test intersect diagnostic mask,90.04359132070678,91.52259097099237,1.4789996502855929,5,1916,1892,24
ab,L2-D+LR,200,Full canonical test intersect diagnostic mask,89.78042336339527,91.30440461585404,1.5239812524587664,10,1916,1892,24
ab,L2-D+LR,50,Full canonical test intersect diagnostic mask,89.10899327116324,89.89256120096243,0.7835679297991888,10,1916,1892,24
ab,L2-H1,0,Full canonical test intersect diagnostic mask,87.67123287671232,89.78622327790974,2.114990401197417,1,1916,1892,24
ab,L2-H1+LR,1000,Full canonical test intersect diagnostic mask,87.92181743404497,89.80087694714257,1.8790595130976073,5,1916,1892,24
ab,L2-H1+LR,200,Full canonical test intersect diagnostic mask,86.2086110133763,88.01962097191227,1.811009958535972,10,1916,1892,24
ab,L2-H1+LR,50,Full canonical test intersect diagnostic mask,85.81473953647517,87.53560895295803,1.7208694164828544,10,1916,1892,24
ab,M2+LR,1000,Full canonical test intersect diagnostic mask,51.70720351867046,51.838034714845136,0.1308311961746796,5,1916,1892,24
ab,M2+LR,200,Full canonical test intersect diagnostic mask,46.47675273313858,46.73099283837854,0.2542401052399569,10,1916,1892,24
ab,M2+LR,50,Full canonical test intersect diagnostic mask,37.10514185577544,37.13596795907178,0.030826103296335818,10,1916,1892,24
ab,M2+LR,full,Full canonical test intersect diagnostic mask,53.76292923673224,53.71308449589571,-0.04984474083653604,3,1916,1892,24
ab,M2+best,1000,Full canonical test intersect diagnostic mask,43.07032683953655,43.45161402275939,0.381287183222841,5,1916,1892,24
ab,M2+best,200,Full canonical test intersect diagnostic mask,38.420817143544745,38.599583614387484,0.17876647084273856,10,1916,1892,24
ab,M2+best,50,Full canonical test intersect diagnostic mask,33.71622592833014,33.801519011418506,0.08529308308836789,10,1916,1892,24
ab,M2+best,full,Full canonical test intersect diagnostic mask,61.06340881970633,62.32940813292148,1.2659993132151424,3,1916,1892,24
ab,NLI-H1,0,Full canonical test intersect diagnostic mask,20.088626292466767,20.059880239520957,-0.028746052945809453,1,1916,1892,24
ab,NLI-H1+LR,1000,Full canonical test intersect diagnostic mask,22.2540144272652,22.35317003638613,0.09915560912092829,5,1916,1892,24
ab,NLI-H1+LR,200,Full canonical test intersect diagnostic mask,22.325371319394883,22.34078830425559,0.01541698486071077,10,1916,1892,24
ab,NLI-H1+LR,50,Full canonical test intersect diagnostic mask,21.410618674666765,21.48237593469606,0.07175726002929395,10,1916,1892,24
ab,Q-D+LR,1000,Full canonical test intersect diagnostic mask,83.96531992006476,84.47008119069336,0.5047612706286031,5,1916,1892,24
ab,Q-D+LR,200,Full canonical test intersect diagnostic mask,82.00421646170523,82.58956954366815,0.5853530819629356,10,1916,1892,24
ab,Q-D+LR,50,Full canonical test intersect diagnostic mask,73.67960857071083,74.36668964986656,0.6870810791557205,10,1916,1892,24
ab,Q-H1,0,Full canonical test intersect diagnostic mask,69.5187165775401,70.75208913649024,1.233372558950137,1,1916,1892,24
ab,Q-H1+LR,1000,Full canonical test intersect diagnostic mask,74.02439880155829,75.15325478710227,1.1288559855439757,5,1916,1892,24
ab,Q-H1+LR,200,Full canonical test intersect diagnostic mask,72.39997566870684,73.49210441844536,1.0921287497385266,10,1916,1892,24
ab,Q-H1+LR,50,Full canonical test intersect diagnostic mask,72.9172024920155,74.08246858024799,1.1652660882324795,10,1916,1892,24
ag,C+LR,1000,Full canonical test intersect diagnostic mask,51.685366707724526,51.801023967772835,0.11565726004831305,5,2293,2127,166
ag,C+LR,200,Full canonical test intersect diagnostic mask,50.9569232825707,50.780434254806984,-0.17648902776371642,10,2293,2127,166
ag,C+LR,50,Full canonical test intersect diagnostic mask,44.09482891732961,43.87084835882003,-0.2239805585095775,10,2293,2127,166
ag,C+LR,full,Full canonical test intersect diagnostic mask,53.2716314890071,53.37667185371552,0.10504036470842237,3,2293,2127,166
ag,Ditto,1000,Full canonical test intersect diagnostic mask,60.43931026572317,60.13295401725099,-0.3063562484721866,3,2293,2127,166
ag,Ditto,200,Full canonical test intersect diagnostic mask,50.196561647417745,50.391856357688624,0.19529471027088144,3,2293,2127,166
ag,Ditto,50,Full canonical test intersect diagnostic mask,17.28623919746173,17.67818229683006,0.3919430993683288,3,2293,2127,166
ag,Ditto,full,Full canonical test intersect diagnostic mask,73.46153846153847,73.79454926624737,0.33301080470890554,1,2293,2127,166
ag,J-D+C+LR,1000,Full canonical test intersect diagnostic mask,69.37407024359987,69.78722199876576,0.4131517551658789,5,2293,2127,166
ag,J-D+C+LR,200,Full canonical test intersect diagnostic mask,64.5837051915587,65.09094019849773,0.5072350069390226,10,2293,2127,166
ag,J-D+C+LR,50,Full canonical test intersect diagnostic mask,59.40111392280188,59.55965392116565,0.15853999836376148,10,2293,2127,166
ag,J-D+C+LR,full,Full canonical test intersect diagnostic mask,70.97524297164586,71.60468916713442,0.6294461954885643,3,2293,2127,166
ag,J-D+LR,1000,Full canonical test intersect diagnostic mask,69.5259050272227,70.3017683190867,0.775863291863996,5,2293,2127,166
ag,J-D+LR,200,Full canonical test intersect diagnostic mask,67.29590969098403,68.17165022141513,0.8757405304311014,10,2293,2127,166
ag,J-D+LR,50,Full canonical test intersect diagnostic mask,64.23344341246322,64.81182525809653,0.5783818456333222,10,2293,2127,166
ag,J-D+LR,full,Full canonical test intersect diagnostic mask,69.15458191078035,70.05133570671126,0.8967537959309103,3,2293,2127,166
ag,J-D0,0,Full canonical test intersect diagnostic mask,23.92638036809816,24.195338512763595,0.268958144665433,1,2293,2127,166
ag,J-H0,0,Full canonical test intersect diagnostic mask,69.95073891625616,70.56737588652481,0.616636970268658,1,2293,2127,166
ag,J-H1+LR,1000,Full canonical test intersect diagnostic mask,67.05605139682413,67.6974369516429,0.641385554818774,5,2293,2127,166
ag,J-H1+LR,200,Full canonical test intersect diagnostic mask,65.84775413868695,66.22329469993304,0.37554056124609686,10,2293,2127,166
ag,J-H1+LR,50,Full canonical test intersect diagnostic mask,64.97074433535042,65.35634520855304,0.3856008732026147,10,2293,2127,166
ag,J-H1+LR,full,Full canonical test intersect diagnostic mask,69.3950177935943,69.88416988416989,0.48915209057558684,3,2293,2127,166
ag,J-H1c,0,Full canonical test intersect diagnostic mask,68.88888888888889,69.05982905982906,0.17094017094017033,1,2293,2127,166
ag,J-H1n,0,Full canonical test intersect diagnostic mask,68.8135593220339,69.23076923076923,0.41720990873533026,1,2293,2127,166
ag,J-H1s,0,Full canonical test intersect diagnostic mask,67.14031971580818,67.94625719769674,0.805937481888563,1,2293,2127,166
ag,L1-D+LR,200,Fixed Luna 500 intersect diagnostic mask,62.42599439369775,61.677391677391675,-0.7486027163060669,3,500,466,34
ag,L1-D+LR,50,Fixed Luna 500 intersect diagnostic mask,64.05606159184559,63.840986823479746,-0.21507476836583805,3,500,466,34
ag,L1-H1,0,Fixed Luna 500 intersect diagnostic mask,69.23076923076923,69.49152542372882,0.2607561929595903,1,500,466,34
ag,L1-H1+LR,200,Fixed Luna 500 intersect diagnostic mask,69.31250529167725,69.18382913806255,-0.12867615361471016,3,500,466,34
ag,L1-H1+LR,50,Fixed Luna 500 intersect diagnostic mask,67.67823556549205,66.98564593301435,-0.692589632477682,3,500,466,34
ag,L2-D+LR,1000,Full canonical test intersect diagnostic mask,59.335508264805775,60.98354658369975,1.6480383188939782,5,2293,2127,166
ag,L2-D+LR,200,Full canonical test intersect diagnostic mask,54.890428692935146,56.85515767468722,1.9647289817520743,10,2293,2127,166
ag,L2-D+LR,50,Full canonical test intersect diagnostic mask,51.273331624499505,52.82817852019664,1.5548468956971297,10,2293,2127,166
ag,L2-H1,0,Full canonical test intersect diagnostic mask,62.985685071574636,63.436123348017624,0.45043827644298773,1,2293,2127,166
ag,L2-H1+LR,1000,Full canonical test intersect diagnostic mask,65.26658777120315,65.78319882611886,0.5166110549157026,5,2293,2127,166
ag,L2-H1+LR,200,Full canonical test intersect diagnostic mask,62.98524658315008,63.629032567947604,0.6437859847975261,10,2293,2127,166
ag,L2-H1+LR,50,Full canonical test intersect diagnostic mask,60.23971819098635,61.049511234739285,0.8097930437529293,10,2293,2127,166
ag,M2+LR,1000,Full canonical test intersect diagnostic mask,55.86684247433102,55.88921706524735,0.022374590916332694,5,2293,2127,166
ag,M2+LR,200,Full canonical test intersect diagnostic mask,53.47106463176749,53.76496718249173,0.2939025507242327,10,2293,2127,166
ag,M2+LR,50,Full canonical test intersect diagnostic mask,44.77801738113951,45.081027972079085,0.30301059093957294,10,2293,2127,166
ag,M2+LR,full,Full canonical test intersect diagnostic mask,58.37395064679737,58.2243865523315,-0.1495640944658684,3,2293,2127,166
ag,M2+best,1000,Full canonical test intersect diagnostic mask,56.617554004453645,56.25101606232731,-0.366537942126331,5,2293,2127,166
ag,M2+best,200,Full canonical test intersect diagnostic mask,47.736933789521046,47.98214757457378,0.24521378505273644,10,2293,2127,166
ag,M2+best,50,Full canonical test intersect diagnostic mask,40.24357622899849,40.56349622679216,0.3199199977936743,10,2293,2127,166
ag,M2+best,full,Full canonical test intersect diagnostic mask,66.35664438345887,65.80405495819264,-0.552589425266234,3,2293,2127,166
ag,NLI-H1,0,Full canonical test intersect diagnostic mask,19.82974461692539,19.84732824427481,0.01758362734942054,1,2293,2127,166
ag,NLI-H1+LR,1000,Full canonical test intersect diagnostic mask,25.1589747689198,25.113720033219895,-0.045254735699908365,5,2293,2127,166
ag,NLI-H1+LR,200,Full canonical test intersect diagnostic mask,23.43501930812884,23.40020006538324,-0.034819242745603066,10,2293,2127,166
ag,NLI-H1+LR,50,Full canonical test intersect diagnostic mask,20.699189147105873,20.68261272579151,-0.016576421314360167,10,2293,2127,166
ag,Q-D+LR,1000,Full canonical test intersect diagnostic mask,57.80791519105178,59.37717566681438,1.5692604757625943,5,2293,2127,166
ag,Q-D+LR,200,Full canonical test intersect diagnostic mask,55.653059674591006,57.11313136753533,1.4600716929443245,10,2293,2127,166
ag,Q-D+LR,50,Full canonical test intersect diagnostic mask,39.836629645424004,40.87769669907383,1.0410670536498248,10,2293,2127,166
ag,Q-H1,0,Full canonical test intersect diagnostic mask,23.972602739726025,24.90842490842491,0.9358221686988841,1,2293,2127,166
ag,Q-H1+LR,1000,Full canonical test intersect diagnostic mask,47.937837349068936,48.310568748476655,0.3727313994077207,5,2293,2127,166
ag,Q-H1+LR,200,Full canonical test intersect diagnostic mask,46.42973876496702,46.88827094951979,0.45853218455277445,10,2293,2127,166
ag,Q-H1+LR,50,Full canonical test intersect diagnostic mask,43.93738919943122,44.46582803308197,0.5284388336507554,10,2293,2127,166
da,C+LR,1000,Full canonical test intersect diagnostic mask,97.31903163950145,97.86083954838227,0.5418079088808355,5,2473,2407,66
da,C+LR,200,Full canonical test intersect diagnostic mask,96.57601920371425,97.22999729625629,0.6539780925420345,10,2473,2407,66
da,C+LR,50,Full canonical test intersect diagnostic mask,93.32717655613801,94.04894988557233,0.7217733294343148,10,2473,2407,66
da,C+LR,full,Full canonical test intersect diagnostic mask,97.32142857142857,97.86276715410573,0.5413385826771702,3,2473,2407,66
da,Ditto,1000,Full canonical test intersect diagnostic mask,95.83126612063161,96.17302792578373,0.341761805152089,3,2473,2407,66
da,Ditto,200,Full canonical test intersect diagnostic mask,90.57629300400527,91.8329734785858,1.2566804745805342,3,2473,2407,66
da,Ditto,50,Full canonical test intersect diagnostic mask,89.78087337726357,91.24874003725499,1.4678666599914105,3,2473,2407,66
da,Ditto,full,Full canonical test intersect diagnostic mask,98.54423292273236,99.09706546275395,0.5528325400215834,1,2473,2407,66
da,J-D+C+LR,1000,Full canonical test intersect diagnostic mask,97.95945054422631,98.55146123718006,0.5920106929537553,5,2473,2407,66
da,J-D+C+LR,200,Full canonical test intersect diagnostic mask,97.37054539207516,97.86502725538965,0.4944818633144834,10,2473,2407,66
da,J-D+C+LR,50,Full canonical test intersect diagnostic mask,92.76957280758917,93.36169663113914,0.5921238235499672,10,2473,2407,66
da,J-D+C+LR,full,Full canonical test intersect diagnostic mask,98.43857564650216,98.98829881975949,0.5497231732573434,3,2473,2407,66
da,J-D+LR,1000,Full canonical test intersect diagnostic mask,95.82996440186541,96.66616061367925,0.8361962118138422,5,2473,2407,66
da,J-D+LR,200,Full canonical test intersect diagnostic mask,95.52337246122269,96.58149890877287,1.0581264475501826,10,2473,2407,66
da,J-D+LR,50,Full canonical test intersect diagnostic mask,91.23464057791334,92.0919207682223,0.8572801903089428,10,2473,2407,66
da,J-D+LR,full,Full canonical test intersect diagnostic mask,96.04395604395604,97.53914988814317,1.4951938441871278,3,2473,2407,66
da,J-D0,0,Full canonical test intersect diagnostic mask,92.29166666666667,94.44444444444444,2.1527777777777715,1,2473,2407,66
da,J-H0,0,Full canonical test intersect diagnostic mask,97.46416758544653,98.54748603351955,1.0833184480730154,1,2473,2407,66
da,J-H1+LR,1000,Full canonical test intersect diagnostic mask,97.19410269930363,98.36373091370419,1.1696282144005494,5,2473,2407,66
da,J-H1+LR,200,Full canonical test intersect diagnostic mask,96.93154172849248,98.06049976212748,1.1289580336350142,10,2473,2407,66
da,J-H1+LR,50,Full canonical test intersect diagnostic mask,93.18438384211429,94.23597312263196,1.0515892805176648,10,2473,2407,66
da,J-H1+LR,full,Full canonical test intersect diagnostic mask,97.00996677740864,98.20224719101124,1.192280413602603,3,2473,2407,66
da,J-H1c,0,Full canonical test intersect diagnostic mask,97.46416758544653,98.54748603351955,1.0833184480730154,1,2473,2407,66
da,J-H1n,0,Full canonical test intersect diagnostic mask,96.29629629629629,97.38339021615472,1.0870939198584324,1,2473,2407,66
da,J-H1s,0,Full canonical test intersect diagnostic mask,97.46416758544653,98.54748603351955,1.0833184480730154,1,2473,2407,66
da,L1-D+LR,200,Fixed Luna 500 intersect diagnostic mask,97.0754810681487,98.15011474939251,1.0746336812437913,3,500,484,16
da,L1-D+LR,50,Fixed Luna 500 intersect diagnostic mask,95.8512649997632,97.41986404256944,1.568599042806241,3,500,484,16
da,L1-H1,0,Fixed Luna 500 intersect diagnostic mask,97.82608695652173,99.4475138121547,1.6214268556329614,1,500,484,16
da,L1-H1+LR,200,Fixed Luna 500 intersect diagnostic mask,99.4475138121547,100.0,0.5524861878453038,3,500,484,16
da,L1-H1+LR,50,Fixed Luna 500 intersect diagnostic mask,97.75046046232488,98.4848484848485,0.7343880225236177,3,500,484,16
da,L2-D+LR,1000,Full canonical test intersect diagnostic mask,93.93746825395718,95.13085757983461,1.1933893258774417,5,2473,2407,66
da,L2-D+LR,200,Full canonical test intersect diagnostic mask,93.79325609672871,95.2964321967863,1.503176100057577,10,2473,2407,66
da,L2-D+LR,50,Full canonical test intersect diagnostic mask,90.04659418257759,91.54910715070972,1.5025129681321219,10,2473,2407,66
da,L2-H1,0,Full canonical test intersect diagnostic mask,93.88696655132641,94.97076023391813,1.0837936825917183,1,2473,2407,66
da,L2-H1+LR,1000,Full canonical test intersect diagnostic mask,93.88696655132641,94.97076023391813,1.0837936825917183,5,2473,2407,66
da,L2-H1+LR,200,Full canonical test intersect diagnostic mask,93.88696655132641,94.97076023391813,1.0837936825917183,10,2473,2407,66
da,L2-H1+LR,50,Full canonical test intersect diagnostic mask,92.37951146164586,93.40283952387782,1.023328062231954,10,2473,2407,66
da,M2+LR,1000,Full canonical test intersect diagnostic mask,97.33524093874136,97.93946970072241,0.6042287619810395,5,2473,2407,66
da,M2+LR,200,Full canonical test intersect diagnostic mask,94.49783821074247,95.82333633155612,1.3254981208136498,10,2473,2407,66
da,M2+LR,50,Full canonical test intersect diagnostic mask,91.38802790049368,92.80848584942913,1.4204579489354558,10,2473,2407,66
da,M2+LR,full,Full canonical test intersect diagnostic mask,98.06696602440037,98.61376641651299,0.546800392112606,3,2473,2407,66
da,M2+best,1000,Full canonical test intersect diagnostic mask,97.92732135398379,98.45580708278155,0.5284857287977645,5,2473,2407,66
da,M2+best,200,Full canonical test intersect diagnostic mask,94.70278574928078,95.79794545336443,1.0951597040836574,10,2473,2407,66
da,M2+best,50,Full canonical test intersect diagnostic mask,91.30716872890446,92.62122908428168,1.3140603553772265,10,2473,2407,66
da,M2+best,full,Full canonical test intersect diagnostic mask,98.06696602440037,98.61376641651299,0.546800392112606,3,2473,2407,66
da,NLI-H1,0,Full canonical test intersect diagnostic mask,32.19255359157578,32.73284783441932,0.5402942428435367,1,2473,2407,66
da,NLI-H1+LR,1000,Full canonical test intersect diagnostic mask,44.55089102027672,45.53473556732972,0.9838445470529962,5,2473,2407,66
da,NLI-H1+LR,200,Full canonical test intersect diagnostic mask,43.302585205650786,44.24503443981566,0.9424492341648765,10,2473,2407,66
da,NLI-H1+LR,50,Full canonical test intersect diagnostic mask,38.82436948426589,39.47726441093977,0.6528949266738795,10,2473,2407,66
da,Q-D+LR,1000,Full canonical test intersect diagnostic mask,96.24197688908029,96.45889917476508,0.21692228568478242,5,2473,2407,66
da,Q-D+LR,200,Full canonical test intersect diagnostic mask,95.49388609853995,95.65725886620183,0.16337276766190315,10,2473,2407,66
da,Q-D+LR,50,Full canonical test intersect diagnostic mask,91.1519868846026,91.30090872818457,0.1489218435819808,10,2473,2407,66
da,Q-H1,0,Full canonical test intersect diagnostic mask,9.850107066381156,9.871244635193133,0.021137568811976593,1,2473,2407,66
da,Q-H1+LR,1000,Full canonical test intersect diagnostic mask,94.87246492424427,96.2413197637017,1.3688548394574411,5,2473,2407,66
da,Q-H1+LR,200,Full canonical test intersect diagnostic mask,94.8028969336438,95.99121078556767,1.188313851923877,10,2473,2407,66
da,Q-H1+LR,50,Full canonical test intersect diagnostic mask,92.98759963545264,93.85552074985175,0.8679211143991153,10,2473,2407,66
wa,C+LR,1000,Full canonical test intersect diagnostic mask,78.18682925639708,78.41952982251489,0.2327005661178248,5,2049,2047,2
wa,C+LR,200,Full canonical test intersect diagnostic mask,76.1731710852013,76.39577360189983,0.222602516698538,10,2049,2047,2
wa,C+LR,50,Full canonical test intersect diagnostic mask,54.59220510241471,54.73993055093108,0.1477254485163691,10,2049,2047,2
wa,C+LR,full,Full canonical test intersect diagnostic mask,79.52451534110973,79.76119473284982,0.23667939174009214,3,2049,2047,2
wa,Ditto,1000,Full canonical test intersect diagnostic mask,74.02232060055191,74.21956164888253,0.19724104833062958,3,2049,2047,2
wa,Ditto,200,Full canonical test intersect diagnostic mask,30.613563914723986,30.68978183326271,0.07621791853871922,3,2049,2047,2
wa,Ditto,50,Full canonical test intersect diagnostic mask,19.481526370967572,19.466315713707573,-0.015210657259999039,3,2049,2047,2
wa,Ditto,full,Full canonical test intersect diagnostic mask,86.37532133676092,86.5979381443299,0.22261680756898272,1,2049,2047,2
wa,J-D+C+LR,1000,Full canonical test intersect diagnostic mask,89.09101347860201,89.32248458657686,0.23147110797485482,5,2049,2047,2
wa,J-D+C+LR,200,Full canonical test intersect diagnostic mask,86.76156788078244,86.99796354841564,0.23639566763320657,10,2049,2047,2
wa,J-D+C+LR,50,Full canonical test intersect diagnostic mask,82.69407876966716,82.85289250785071,0.1588137381835466,10,2049,2047,2
wa,J-D+C+LR,full,Full canonical test intersect diagnostic mask,90.72083802789979,90.95750933637161,0.23667130847182705,3,2049,2047,2
wa,J-D+LR,1000,Full canonical test intersect diagnostic mask,89.36522459605537,89.4268001560293,0.061575559973931604,5,2049,2047,2
wa,J-D+LR,200,Full canonical test intersect diagnostic mask,87.61190503390269,87.70022145673269,0.08831642283001315,10,2049,2047,2
wa,J-D+LR,50,Full canonical test intersect diagnostic mask,82.00953053513915,82.07424632795507,0.06471579281590252,10,2049,2047,2
wa,J-D+LR,full,Full canonical test intersect diagnostic mask,89.21378306674961,89.25364639065084,0.03986332390123456,3,2049,2047,2
wa,J-D0,0,Full canonical test intersect diagnostic mask,38.61788617886179,38.53211009174312,-0.08577608711866702,1,2049,2047,2
wa,J-H0,0,Full canonical test intersect diagnostic mask,86.22448979591837,86.15384615384616,-0.07064364207221274,1,2049,2047,2
wa,J-H1+LR,1000,Full canonical test intersect diagnostic mask,85.0356736547429,85.14147596245388,0.10580230771099366,5,2049,2047,2
wa,J-H1+LR,200,Full canonical test intersect diagnostic mask,85.92890784480342,86.07191938580623,0.14301154100280655,10,2049,2047,2
wa,J-H1+LR,50,Full canonical test intersect diagnostic mask,79.83711349785393,79.89240476486245,0.055291267008506395,10,2049,2047,2
wa,J-H1+LR,full,Full canonical test intersect diagnostic mask,84.99160577900734,85.21751533304807,0.22590955404071167,3,2049,2047,2
wa,J-H1c,0,Full canonical test intersect diagnostic mask,88.25065274151436,88.18897637795276,-0.06167636356160244,1,2049,2047,2
wa,J-H1n,0,Full canonical test intersect diagnostic mask,84.84848484848484,84.77157360406092,-0.0769112444239255,1,2049,2047,2
wa,J-H1s,0,Full canonical test intersect diagnostic mask,86.93181818181817,87.17948717948718,0.24766899766900963,1,2049,2047,2
wa,L1-D+LR,200,Fixed Luna 500 intersect diagnostic mask,89.3322159781787,89.0993265993266,-0.2328893788521119,3,500,499,1
wa,L1-D+LR,50,Fixed Luna 500 intersect diagnostic mask,88.7910730144021,88.54204476709015,-0.2490282473119502,3,500,499,1
wa,L1-H1,0,Fixed Luna 500 intersect diagnostic mask,84.0,83.6734693877551,-0.32653061224489477,1,500,499,1
wa,L1-H1+LR,200,Fixed Luna 500 intersect diagnostic mask,83.55418364407129,84.06960764103621,0.5154239969649268,3,500,499,1
wa,L1-H1+LR,50,Fixed Luna 500 intersect diagnostic mask,84.65980024968788,85.57416267942585,0.9143624297379583,3,500,499,1
wa,L2-D+LR,1000,Full canonical test intersect diagnostic mask,84.70421850214359,84.9238750761717,0.21965657402809882,5,2049,2047,2
wa,L2-D+LR,200,Full canonical test intersect diagnostic mask,83.00311947368309,83.21424593026032,0.21112645657722737,10,2049,2047,2
wa,L2-D+LR,50,Full canonical test intersect diagnostic mask,78.4679478136411,78.6672533930979,0.19930557945678515,10,2049,2047,2
wa,L2-H1,0,Full canonical test intersect diagnostic mask,76.37362637362637,76.24309392265194,-0.13053245097442812,1,2049,2047,2
wa,L2-H1+LR,1000,Full canonical test intersect diagnostic mask,76.45801712100054,76.32780847145489,-0.1302086495456564,5,2049,2047,2
wa,L2-H1+LR,200,Full canonical test intersect diagnostic mask,76.81755443252818,76.6887302051432,-0.1288242273849761,10,2049,2047,2
wa,L2-H1+LR,50,Full canonical test intersect diagnostic mask,68.13285963406402,68.04775659502806,-0.08510303903594263,10,2049,2047,2
wa,M2+LR,1000,Full canonical test intersect diagnostic mask,74.34597486724931,74.56820165794828,0.22222679069897425,5,2049,2047,2
wa,M2+LR,200,Full canonical test intersect diagnostic mask,69.48902108490908,69.69383556044559,0.20481447553650156,10,2049,2047,2
wa,M2+LR,50,Full canonical test intersect diagnostic mask,50.95513942729266,51.08919858994306,0.13405916265040538,10,2049,2047,2
wa,M2+LR,full,Full canonical test intersect diagnostic mask,75.89419507640454,76.12169457709962,0.22749950069507463,3,2049,2047,2
wa,M2+best,1000,Full canonical test intersect diagnostic mask,74.25212904887513,74.45936818607917,0.20723913720404424,5,2049,2047,2
wa,M2+best,200,Full canonical test intersect diagnostic mask,68.39784985454924,68.59328624402356,0.19543638947431247,10,2049,2047,2
wa,M2+best,50,Full canonical test intersect diagnostic mask,54.73094518168108,54.87911284898369,0.1481676673026154,10,2049,2047,2
wa,M2+best,full,Full canonical test intersect diagnostic mask,78.49805724933572,78.71992965266001,0.22187240332428834,3,2049,2047,2
wa,NLI-H1,0,Full canonical test intersect diagnostic mask,17.181208053691275,17.114695340501793,-0.06651271318948204,1,2049,2047,2
wa,NLI-H1+LR,1000,Full canonical test intersect diagnostic mask,20.656956700203075,20.680842783197313,0.023886082994239645,5,2049,2047,2
wa,NLI-H1+LR,200,Full canonical test intersect diagnostic mask,19.53940679414161,19.557473363018964,0.018066568877354784,10,2049,2047,2
wa,NLI-H1+LR,50,Full canonical test intersect diagnostic mask,19.091325959803548,19.071481701368384,-0.019844258435164262,10,2049,2047,2
wa,Q-D+LR,1000,Full canonical test intersect diagnostic mask,83.80162610472308,84.0187833787664,0.2171572740433163,5,2049,2047,2
wa,Q-D+LR,200,Full canonical test intersect diagnostic mask,80.506208955157,80.68754020776193,0.18133125260491595,10,2049,2047,2
wa,Q-D+LR,50,Full canonical test intersect diagnostic mask,71.68153212669935,71.82771457235577,0.1461824456564223,10,2049,2047,2
wa,Q-H1,0,Full canonical test intersect diagnostic mask,44.6215139442231,44.800000000000004,0.1784860557769008,1,2049,2047,2
wa,Q-H1+LR,1000,Full canonical test intersect diagnostic mask,66.28291677749756,66.45347801895821,0.17056124146063495,5,2049,2047,2
wa,Q-H1+LR,200,Full canonical test intersect diagnostic mask,65.70370728414383,65.86951998981988,0.16581270567604492,10,2049,2047,2
wa,Q-H1+LR,50,Full canonical test intersect diagnostic mask,65.57885174652223,65.74921811936784,0.1703663728456178,10,2049,2047,2
