hypothesis,dataset,budget,system_A,system_B,f1_A,f1_B,delta_B_minus_A,delta_ci_low,delta_ci_high,f1_A_ci_low,f1_A_ci_high,f1_B_ci_low,f1_B_ci_high,replicates,n_seeds,n_test,bootstrap_design,bootstrap_tail_fraction,status,note
H1,wa,200,J-H1+LR,J-D+LR,85.9289078448034,87.61190503390269,1.6829971890992823,-1.1053090661126266,4.460382099481414,82.19618361336593,89.41405177969229,84.28958428436965,90.89841942683769,2000,71,2049,crossed seed resampling plus common paired test-row resampling,0.212,UNFROZEN_DESCRIPTIVE,Bootstrap tail fraction is not labeled as a formal p-value; whole primary Holm family incomplete
H3,wa,50,M+LR,J-D+LR,51.43448748140122,82.00953053513916,30.575043053737943,17.114082611582408,44.2489121807182,38.39431631020236,62.61922360897211,75.7124191235124,87.29750749965594,2000,164,2049,crossed seed resampling plus common paired test-row resampling,0.0,UNFROZEN_DESCRIPTIVE,Bootstrap tail fraction is not labeled as a formal p-value; whole primary Holm family incomplete
H3,wa,200,M+LR,J-D+LR,70.23570678664707,87.61190503390269,17.376198247255616,12.237994994452704,22.640790670238164,64.68575885986121,74.97037191763339,84.09993715705572,90.71789357559997,2000,124,2049,crossed seed resampling plus common paired test-row resampling,0.0,UNFROZEN_DESCRIPTIVE,Bootstrap tail fraction is not labeled as a formal p-value; whole primary Holm family incomplete
H1,ag,200,J-H1+LR,J-D+LR,65.84775413868695,67.29590969098402,1.4481555522970666,-2.216507023805144,5.040885748189788,61.63236397849338,69.77008514233816,62.63608554418408,71.28850892311769,2000,178,2293,crossed seed resampling plus common paired test-row resampling,0.421,UNFROZEN_DESCRIPTIVE,Bootstrap tail fraction is not labeled as a formal p-value; whole primary Holm family incomplete
H3,ag,50,M+LR,J-D+LR,43.887176974423866,64.23344341246322,20.34626643803935,13.568268332400223,26.922971798255976,36.63987684647327,50.54162317415556,59.323576575666955,68.908679318839,2000,370,2293,crossed seed resampling plus common paired test-row resampling,0.0,UNFROZEN_DESCRIPTIVE,Bootstrap tail fraction is not labeled as a formal p-value; whole primary Holm family incomplete
H3,ag,200,M+LR,J-D+LR,52.25424373978876,67.29590969098402,15.041665951195256,9.841454515198217,20.401775003465115,47.23401862508645,57.15104607565927,62.769459691438534,71.49203579419171,2000,344,2293,crossed seed resampling plus common paired test-row resampling,0.0,UNFROZEN_DESCRIPTIVE,Bootstrap tail fraction is not labeled as a formal p-value; whole primary Holm family incomplete
H1,da,200,J-H1+LR,J-D+LR,96.93154172849248,95.52337246122269,-1.408169267269784,-2.742296386728905,-0.12335041385621444,95.82013458842069,97.96302488609253,94.18498860091736,96.70890191662733,2000,44,2473,crossed seed resampling plus common paired test-row resampling,0.028,UNFROZEN_DESCRIPTIVE,Bootstrap tail fraction is not labeled as a formal p-value; whole primary Holm family incomplete
H3,da,50,M+LR,J-D+LR,91.6493739042042,91.23464057791335,-0.41473332629084325,-4.370285874897793,2.7475430433205488,89.77118555860378,93.34977104552192,86.71502297289017,94.35103934155231,2000,106,2473,crossed seed resampling plus common paired test-row resampling,0.864,UNFROZEN_DESCRIPTIVE,Bootstrap tail fraction is not labeled as a formal p-value; whole primary Holm family incomplete
H3,da,200,M+LR,J-D+LR,94.3843243533294,95.52337246122269,1.139048107893288,0.156423123043162,2.1216348943021024,92.95036992468322,95.70277235984118,94.29498887155208,96.690180356773,2000,74,2473,crossed seed resampling plus common paired test-row resampling,0.025,UNFROZEN_DESCRIPTIVE,Bootstrap tail fraction is not labeled as a formal p-value; whole primary Holm family incomplete
H1,ab,200,J-H1+LR,J-D+LR,89.90356326929276,91.8959184793403,1.9923552100475348,0.04751138410507104,4.074592014479124,87.10400645761591,92.43118423947632,89.24637018464918,94.23663682551815,2000,56,1916,crossed seed resampling plus common paired test-row resampling,0.043,UNFROZEN_DESCRIPTIVE,Bootstrap tail fraction is not labeled as a formal p-value; whole primary Holm family incomplete
H3,ab,50,M+LR,J-D+LR,38.19309168865262,87.73116229857297,49.53807060992035,42.1105433197537,57.224108337741875,30.36438280089439,45.92708950267942,82.62938648083839,91.66139863315978,2000,212,1916,crossed seed resampling plus common paired test-row resampling,0.0,UNFROZEN_DESCRIPTIVE,Bootstrap tail fraction is not labeled as a formal p-value; whole primary Holm family incomplete
H3,ab,200,M+LR,J-D+LR,43.80974338556479,91.8959184793403,48.0861750937755,42.43466051039118,53.55527587976636,38.90164709146859,48.65685121431011,89.11910089624958,94.33933008064292,2000,190,1916,crossed seed resampling plus common paired test-row resampling,0.0,UNFROZEN_DESCRIPTIVE,Bootstrap tail fraction is not labeled as a formal p-value; whole primary Holm family incomplete
