pair_id,label,probability,prediction,threshold
wa-test-000000,0,0.0,0,0.22666666666666666
wa-test-000001,0,0.02,0,0.22666666666666666
wa-test-000002,0,0.0,0,0.22666666666666666
wa-test-000003,0,0.0,0,0.22666666666666666
wa-test-000004,0,0.0,0,0.22666666666666666
wa-test-000005,0,0.0,0,0.22666666666666666
wa-test-000006,0,0.01,0,0.22666666666666666
wa-test-000007,1,0.05,0,0.22666666666666666
wa-test-000008,0,0.1,0,0.22666666666666666
wa-test-000009,1,0.9,1,0.22666666666666666
wa-test-000010,0,0.02,0,0.22666666666666666
wa-test-000011,0,0.0,0,0.22666666666666666
wa-test-000012,0,0.02,0,0.22666666666666666
wa-test-000013,1,0.93,1,0.22666666666666666
wa-test-000014,0,0.01,0,0.22666666666666666
wa-test-000015,0,0.0,0,0.22666666666666666
wa-test-000016,0,0.06,0,0.22666666666666666
wa-test-000017,0,0.0,0,0.22666666666666666
wa-test-000018,0,0.55,1,0.22666666666666666
wa-test-000019,0,0.0,0,0.22666666666666666
wa-test-000020,0,0.0,0,0.22666666666666666
wa-test-000021,0,0.02,0,0.22666666666666666
wa-test-000022,1,0.94,1,0.22666666666666666
wa-test-000023,0,0.01,0,0.22666666666666666
wa-test-000024,0,0.27,1,0.22666666666666666
wa-test-000025,0,0.0,0,0.22666666666666666
wa-test-000026,0,0.14,0,0.22666666666666666
wa-test-000027,0,0.03,0,0.22666666666666666
wa-test-000028,0,0.02,0,0.22666666666666666
wa-test-000029,0,0.0,0,0.22666666666666666
wa-test-000030,0,0.06,0,0.22666666666666666
wa-test-000031,0,0.0,0,0.22666666666666666
wa-test-000032,0,0.0,0,0.22666666666666666
wa-test-000033,0,0.03,0,0.22666666666666666
wa-test-000034,0,0.01,0,0.22666666666666666
wa-test-000035,0,0.17,0,0.22666666666666666
wa-test-000036,0,0.01,0,0.22666666666666666
wa-test-000037,0,0.06,0,0.22666666666666666
wa-test-000038,0,0.0,0,0.22666666666666666
wa-test-000039,0,0.09,0,0.22666666666666666
wa-test-000040,0,0.02,0,0.22666666666666666
wa-test-000041,0,0.0,0,0.22666666666666666
wa-test-000042,1,0.06,0,0.22666666666666666
wa-test-000043,0,0.0,0,0.22666666666666666
wa-test-000044,0,0.0,0,0.22666666666666666
wa-test-000045,0,0.01,0,0.22666666666666666
wa-test-000046,0,0.01,0,0.22666666666666666
wa-test-000047,0,0.02,0,0.22666666666666666
wa-test-000048,0,0.0,0,0.22666666666666666
wa-test-000049,0,0.0,0,0.22666666666666666
wa-test-000050,0,0.02,0,0.22666666666666666
wa-test-000051,0,0.0,0,0.22666666666666666
wa-test-000052,0,0.0,0,0.22666666666666666
wa-test-000053,0,0.84,1,0.22666666666666666
wa-test-000054,0,0.0,0,0.22666666666666666
wa-test-000055,0,0.01,0,0.22666666666666666
wa-test-000056,0,0.0,0,0.22666666666666666
wa-test-000057,0,0.08,0,0.22666666666666666
wa-test-000058,0,0.01,0,0.22666666666666666
wa-test-000059,0,0.0,0,0.22666666666666666
wa-test-000060,0,0.02,0,0.22666666666666666
wa-test-000061,0,0.0,0,0.22666666666666666
wa-test-000062,0,0.02,0,0.22666666666666666
wa-test-000063,0,0.0,0,0.22666666666666666
wa-test-000064,0,0.0,0,0.22666666666666666
wa-test-000065,0,0.0,0,0.22666666666666666
wa-test-000066,0,0.02,0,0.22666666666666666
wa-test-000067,0,0.0,0,0.22666666666666666
wa-test-000068,0,0.0,0,0.22666666666666666
wa-test-000069,0,0.0,0,0.22666666666666666
wa-test-000070,0,0.01,0,0.22666666666666666
wa-test-000071,0,0.02,0,0.22666666666666666
wa-test-000072,0,0.32,1,0.22666666666666666
wa-test-000073,0,0.02,0,0.22666666666666666
wa-test-000074,0,0.02,0,0.22666666666666666
wa-test-000075,0,0.0,0,0.22666666666666666
wa-test-000076,0,0.03,0,0.22666666666666666
wa-test-000077,0,0.0,0,0.22666666666666666
wa-test-000078,0,0.03,0,0.22666666666666666
wa-test-000079,0,0.01,0,0.22666666666666666
wa-test-000080,0,0.01,0,0.22666666666666666
wa-test-000081,0,0.05,0,0.22666666666666666
wa-test-000082,0,0.0,0,0.22666666666666666
wa-test-000083,0,0.0,0,0.22666666666666666
wa-test-000084,0,0.0,0,0.22666666666666666
wa-test-000085,0,0.04,0,0.22666666666666666
wa-test-000086,1,0.05,0,0.22666666666666666
wa-test-000087,0,0.0,0,0.22666666666666666
wa-test-000088,0,0.03,0,0.22666666666666666
wa-test-000089,0,0.0,0,0.22666666666666666
wa-test-000090,0,0.0,0,0.22666666666666666
wa-test-000091,1,0.92,1,0.22666666666666666
wa-test-000092,0,0.01,0,0.22666666666666666
wa-test-000093,0,0.0,0,0.22666666666666666
wa-test-000094,0,0.0,0,0.22666666666666666
wa-test-000095,0,0.09,0,0.22666666666666666
wa-test-000096,0,0.02,0,0.22666666666666666
wa-test-000097,0,0.0,0,0.22666666666666666
wa-test-000098,0,0.01,0,0.22666666666666666
wa-test-000099,0,0.09,0,0.22666666666666666
wa-test-000100,0,0.09,0,0.22666666666666666
wa-test-000101,0,0.05,0,0.22666666666666666
wa-test-000102,0,0.0,0,0.22666666666666666
wa-test-000103,0,0.3,1,0.22666666666666666
wa-test-000104,0,0.0,0,0.22666666666666666
wa-test-000105,0,0.03,0,0.22666666666666666
wa-test-000106,0,0.0,0,0.22666666666666666
wa-test-000107,0,0.0,0,0.22666666666666666
wa-test-000108,0,0.0,0,0.22666666666666666
wa-test-000109,0,0.02,0,0.22666666666666666
wa-test-000110,0,0.01,0,0.22666666666666666
wa-test-000111,0,0.02,0,0.22666666666666666
wa-test-000112,0,0.0,0,0.22666666666666666
wa-test-000113,0,0.0,0,0.22666666666666666
wa-test-000114,0,0.02,0,0.22666666666666666
wa-test-000115,0,0.0,0,0.22666666666666666
wa-test-000116,0,0.01,0,0.22666666666666666
wa-test-000117,1,0.05,0,0.22666666666666666
wa-test-000118,0,0.0,0,0.22666666666666666
wa-test-000119,1,0.95,1,0.22666666666666666
wa-test-000120,0,0.0,0,0.22666666666666666
wa-test-000121,0,0.01,0,0.22666666666666666
wa-test-000122,0,0.05,0,0.22666666666666666
wa-test-000123,0,0.0,0,0.22666666666666666
wa-test-000124,0,0.0,0,0.22666666666666666
wa-test-000125,0,0.11,0,0.22666666666666666
wa-test-000126,1,0.92,1,0.22666666666666666
wa-test-000127,0,0.0,0,0.22666666666666666
wa-test-000128,0,0.05,0,0.22666666666666666
wa-test-000129,0,0.08,0,0.22666666666666666
wa-test-000130,0,0.03,0,0.22666666666666666
wa-test-000131,0,0.02,0,0.22666666666666666
wa-test-000132,0,0.02,0,0.22666666666666666
wa-test-000133,0,0.0,0,0.22666666666666666
wa-test-000134,0,0.03,0,0.22666666666666666
wa-test-000135,0,0.03,0,0.22666666666666666
wa-test-000136,0,0.0,0,0.22666666666666666
wa-test-000137,0,0.01,0,0.22666666666666666
wa-test-000138,1,0.91,1,0.22666666666666666
wa-test-000139,0,0.03,0,0.22666666666666666
wa-test-000140,0,0.0,0,0.22666666666666666
wa-test-000141,0,0.05,0,0.22666666666666666
wa-test-000142,0,0.01,0,0.22666666666666666
wa-test-000143,0,0.01,0,0.22666666666666666
wa-test-000144,0,0.04,0,0.22666666666666666
wa-test-000145,0,0.0,0,0.22666666666666666
wa-test-000146,1,0.77,1,0.22666666666666666
wa-test-000147,0,0.08,0,0.22666666666666666
wa-test-000148,0,0.0,0,0.22666666666666666
wa-test-000149,0,0.0,0,0.22666666666666666
wa-test-000150,0,0.01,0,0.22666666666666666
wa-test-000151,0,0.01,0,0.22666666666666666
wa-test-000152,0,0.0,0,0.22666666666666666
wa-test-000153,0,0.0,0,0.22666666666666666
wa-test-000154,0,0.0,0,0.22666666666666666
wa-test-000155,0,0.0,0,0.22666666666666666
wa-test-000156,0,0.12,0,0.22666666666666666
wa-test-000157,0,0.0,0,0.22666666666666666
wa-test-000158,1,0.65,1,0.22666666666666666
wa-test-000159,0,0.07,0,0.22666666666666666
wa-test-000160,0,0.0,0,0.22666666666666666
wa-test-000161,0,0.0,0,0.22666666666666666
wa-test-000162,0,0.0,0,0.22666666666666666
wa-test-000163,0,0.25,1,0.22666666666666666
wa-test-000164,0,0.0,0,0.22666666666666666
wa-test-000165,1,0.94,1,0.22666666666666666
wa-test-000166,1,0.97,1,0.22666666666666666
wa-test-000167,0,0.01,0,0.22666666666666666
wa-test-000168,1,0.04,0,0.22666666666666666
wa-test-000169,0,0.01,0,0.22666666666666666
wa-test-000170,0,0.03,0,0.22666666666666666
wa-test-000171,0,0.0,0,0.22666666666666666
wa-test-000172,0,0.01,0,0.22666666666666666
wa-test-000173,0,0.0,0,0.22666666666666666
wa-test-000174,0,0.0,0,0.22666666666666666
wa-test-000175,0,0.08,0,0.22666666666666666
wa-test-000176,0,0.02,0,0.22666666666666666
wa-test-000177,0,0.64,1,0.22666666666666666
wa-test-000178,0,0.0,0,0.22666666666666666
wa-test-000179,0,0.03,0,0.22666666666666666
wa-test-000180,0,0.01,0,0.22666666666666666
wa-test-000181,0,0.09,0,0.22666666666666666
wa-test-000182,0,0.02,0,0.22666666666666666
wa-test-000183,0,0.02,0,0.22666666666666666
wa-test-000184,0,0.01,0,0.22666666666666666
wa-test-000185,0,0.0,0,0.22666666666666666
wa-test-000186,1,0.79,1,0.22666666666666666
wa-test-000187,0,0.0,0,0.22666666666666666
wa-test-000188,0,0.01,0,0.22666666666666666
wa-test-000189,0,0.03,0,0.22666666666666666
wa-test-000190,1,0.46,1,0.22666666666666666
wa-test-000191,0,0.02,0,0.22666666666666666
wa-test-000192,1,0.91,1,0.22666666666666666
wa-test-000193,0,0.04,0,0.22666666666666666
wa-test-000194,0,0.02,0,0.22666666666666666
wa-test-000195,0,0.0,0,0.22666666666666666
wa-test-000196,0,0.01,0,0.22666666666666666
wa-test-000197,0,0.01,0,0.22666666666666666
wa-test-000198,0,0.0,0,0.22666666666666666
wa-test-000199,1,0.91,1,0.22666666666666666
wa-test-000200,0,0.0,0,0.22666666666666666
wa-test-000201,0,0.01,0,0.22666666666666666
wa-test-000202,0,0.01,0,0.22666666666666666
wa-test-000203,0,0.08,0,0.22666666666666666
wa-test-000204,0,0.0,0,0.22666666666666666
wa-test-000205,0,0.0,0,0.22666666666666666
wa-test-000206,0,0.01,0,0.22666666666666666
wa-test-000207,0,0.01,0,0.22666666666666666
wa-test-000208,0,0.0,0,0.22666666666666666
wa-test-000209,0,0.06,0,0.22666666666666666
wa-test-000210,0,0.0,0,0.22666666666666666
wa-test-000211,0,0.02,0,0.22666666666666666
wa-test-000212,0,0.0,0,0.22666666666666666
wa-test-000213,0,0.0,0,0.22666666666666666
wa-test-000214,0,0.0,0,0.22666666666666666
wa-test-000215,0,0.11,0,0.22666666666666666
wa-test-000216,0,0.0,0,0.22666666666666666
wa-test-000217,0,0.0,0,0.22666666666666666
wa-test-000218,0,0.0,0,0.22666666666666666
wa-test-000219,1,0.93,1,0.22666666666666666
wa-test-000220,0,0.02,0,0.22666666666666666
wa-test-000221,0,0.01,0,0.22666666666666666
wa-test-000222,0,0.04,0,0.22666666666666666
wa-test-000223,0,0.05,0,0.22666666666666666
wa-test-000224,0,0.0,0,0.22666666666666666
wa-test-000225,1,0.37,1,0.22666666666666666
wa-test-000226,0,0.0,0,0.22666666666666666
wa-test-000227,0,0.01,0,0.22666666666666666
wa-test-000228,0,0.0,0,0.22666666666666666
wa-test-000229,0,0.0,0,0.22666666666666666
wa-test-000230,0,0.01,0,0.22666666666666666
wa-test-000231,0,0.0,0,0.22666666666666666
wa-test-000232,0,0.0,0,0.22666666666666666
wa-test-000233,0,0.0,0,0.22666666666666666
wa-test-000234,0,0.0,0,0.22666666666666666
wa-test-000235,0,0.0,0,0.22666666666666666
wa-test-000236,0,0.01,0,0.22666666666666666
wa-test-000237,0,0.79,1,0.22666666666666666
wa-test-000238,0,0.0,0,0.22666666666666666
wa-test-000239,0,0.0,0,0.22666666666666666
wa-test-000240,0,0.0,0,0.22666666666666666
wa-test-000241,0,0.0,0,0.22666666666666666
wa-test-000242,0,0.0,0,0.22666666666666666
wa-test-000243,0,0.0,0,0.22666666666666666
wa-test-000244,1,0.69,1,0.22666666666666666
wa-test-000245,0,0.01,0,0.22666666666666666
wa-test-000246,1,0.1,0,0.22666666666666666
wa-test-000247,0,0.0,0,0.22666666666666666
wa-test-000248,0,0.0,0,0.22666666666666666
wa-test-000249,0,0.0,0,0.22666666666666666
wa-test-000250,0,0.05,0,0.22666666666666666
wa-test-000251,0,0.03,0,0.22666666666666666
wa-test-000252,0,0.0,0,0.22666666666666666
wa-test-000253,0,0.03,0,0.22666666666666666
wa-test-000254,0,0.09,0,0.22666666666666666
wa-test-000255,0,0.01,0,0.22666666666666666
wa-test-000256,0,0.0,0,0.22666666666666666
wa-test-000257,0,0.01,0,0.22666666666666666
wa-test-000258,1,0.96,1,0.22666666666666666
wa-test-000259,0,0.01,0,0.22666666666666666
wa-test-000260,0,0.0,0,0.22666666666666666
wa-test-000261,0,0.01,0,0.22666666666666666
wa-test-000262,0,0.05,0,0.22666666666666666
wa-test-000263,0,0.0,0,0.22666666666666666
wa-test-000264,0,0.0,0,0.22666666666666666
wa-test-000265,0,0.0,0,0.22666666666666666
wa-test-000266,0,0.0,0,0.22666666666666666
wa-test-000267,0,0.07,0,0.22666666666666666
wa-test-000268,0,0.01,0,0.22666666666666666
wa-test-000269,1,0.1,0,0.22666666666666666
wa-test-000270,0,0.01,0,0.22666666666666666
wa-test-000271,0,0.0,0,0.22666666666666666
wa-test-000272,0,0.06,0,0.22666666666666666
wa-test-000273,0,0.1,0,0.22666666666666666
wa-test-000274,0,0.04,0,0.22666666666666666
wa-test-000275,0,0.02,0,0.22666666666666666
wa-test-000276,0,0.1,0,0.22666666666666666
wa-test-000277,0,0.09,0,0.22666666666666666
wa-test-000278,1,0.1,0,0.22666666666666666
wa-test-000279,0,0.0,0,0.22666666666666666
wa-test-000280,0,0.0,0,0.22666666666666666
wa-test-000281,0,0.0,0,0.22666666666666666
wa-test-000282,0,0.0,0,0.22666666666666666
wa-test-000283,0,0.0,0,0.22666666666666666
wa-test-000284,0,0.0,0,0.22666666666666666
wa-test-000285,0,0.01,0,0.22666666666666666
wa-test-000286,0,0.0,0,0.22666666666666666
wa-test-000287,0,0.0,0,0.22666666666666666
wa-test-000288,0,0.09,0,0.22666666666666666
wa-test-000289,0,0.0,0,0.22666666666666666
wa-test-000290,0,0.01,0,0.22666666666666666
wa-test-000291,1,0.98,1,0.22666666666666666
wa-test-000292,0,0.0,0,0.22666666666666666
wa-test-000293,0,0.0,0,0.22666666666666666
wa-test-000294,0,0.0,0,0.22666666666666666
wa-test-000295,0,0.03,0,0.22666666666666666
wa-test-000296,0,0.01,0,0.22666666666666666
wa-test-000297,0,0.1,0,0.22666666666666666
wa-test-000298,0,0.0,0,0.22666666666666666
wa-test-000299,0,0.0,0,0.22666666666666666
wa-test-000300,0,0.02,0,0.22666666666666666
wa-test-000301,1,0.9,1,0.22666666666666666
wa-test-000302,0,0.0,0,0.22666666666666666
wa-test-000303,0,0.02,0,0.22666666666666666
wa-test-000304,0,0.0,0,0.22666666666666666
wa-test-000305,0,0.02,0,0.22666666666666666
wa-test-000306,0,0.0,0,0.22666666666666666
wa-test-000307,0,0.0,0,0.22666666666666666
wa-test-000308,0,0.0,0,0.22666666666666666
wa-test-000309,0,0.01,0,0.22666666666666666
wa-test-000310,0,0.04,0,0.22666666666666666
wa-test-000311,0,0.0,0,0.22666666666666666
wa-test-000312,0,0.0,0,0.22666666666666666
wa-test-000313,0,0.0,0,0.22666666666666666
wa-test-000314,0,0.0,0,0.22666666666666666
wa-test-000315,0,0.01,0,0.22666666666666666
wa-test-000316,0,0.02,0,0.22666666666666666
wa-test-000317,0,0.01,0,0.22666666666666666
wa-test-000318,0,0.02,0,0.22666666666666666
wa-test-000319,0,0.0,0,0.22666666666666666
wa-test-000320,0,0.0,0,0.22666666666666666
wa-test-000321,0,0.0,0,0.22666666666666666
wa-test-000322,0,0.02,0,0.22666666666666666
wa-test-000323,0,0.0,0,0.22666666666666666
wa-test-000324,1,0.92,1,0.22666666666666666
wa-test-000325,0,0.01,0,0.22666666666666666
wa-test-000326,0,0.04,0,0.22666666666666666
wa-test-000327,0,0.01,0,0.22666666666666666
wa-test-000328,0,0.0,0,0.22666666666666666
wa-test-000329,1,0.68,1,0.22666666666666666
wa-test-000330,0,0.0,0,0.22666666666666666
wa-test-000331,0,0.01,0,0.22666666666666666
wa-test-000332,1,0.98,1,0.22666666666666666
wa-test-000333,0,0.03,0,0.22666666666666666
wa-test-000334,0,0.01,0,0.22666666666666666
wa-test-000335,0,0.0,0,0.22666666666666666
wa-test-000336,0,0.0,0,0.22666666666666666
wa-test-000337,0,0.0,0,0.22666666666666666
wa-test-000338,0,0.01,0,0.22666666666666666
wa-test-000339,0,0.72,1,0.22666666666666666
wa-test-000340,0,0.03,0,0.22666666666666666
wa-test-000341,0,0.04,0,0.22666666666666666
wa-test-000342,0,0.05,0,0.22666666666666666
wa-test-000343,0,0.09,0,0.22666666666666666
wa-test-000344,0,0.01,0,0.22666666666666666
wa-test-000345,0,0.0,0,0.22666666666666666
wa-test-000346,0,0.09,0,0.22666666666666666
wa-test-000347,0,0.0,0,0.22666666666666666
wa-test-000348,0,0.01,0,0.22666666666666666
wa-test-000349,0,0.0,0,0.22666666666666666
wa-test-000350,0,0.0,0,0.22666666666666666
wa-test-000351,0,0.23,1,0.22666666666666666
wa-test-000352,0,0.0,0,0.22666666666666666
wa-test-000353,0,0.0,0,0.22666666666666666
wa-test-000354,0,0.01,0,0.22666666666666666
wa-test-000355,0,0.07,0,0.22666666666666666
wa-test-000356,0,0.03,0,0.22666666666666666
wa-test-000357,0,0.03,0,0.22666666666666666
wa-test-000358,0,0.0,0,0.22666666666666666
wa-test-000359,0,0.03,0,0.22666666666666666
wa-test-000360,0,0.02,0,0.22666666666666666
wa-test-000361,0,0.0,0,0.22666666666666666
wa-test-000362,0,0.01,0,0.22666666666666666
wa-test-000363,0,0.0,0,0.22666666666666666
wa-test-000364,0,0.0,0,0.22666666666666666
wa-test-000365,0,0.0,0,0.22666666666666666
wa-test-000366,0,0.01,0,0.22666666666666666
wa-test-000367,0,0.0,0,0.22666666666666666
wa-test-000368,0,0.05,0,0.22666666666666666
wa-test-000369,0,0.0,0,0.22666666666666666
wa-test-000370,0,0.14,0,0.22666666666666666
wa-test-000371,0,0.0,0,0.22666666666666666
wa-test-000372,0,0.01,0,0.22666666666666666
wa-test-000373,0,0.02,0,0.22666666666666666
wa-test-000374,0,0.07,0,0.22666666666666666
wa-test-000375,0,0.2,0,0.22666666666666666
wa-test-000376,0,0.0,0,0.22666666666666666
wa-test-000377,0,0.01,0,0.22666666666666666
wa-test-000378,0,0.02,0,0.22666666666666666
wa-test-000379,0,0.0,0,0.22666666666666666
wa-test-000380,0,0.06,0,0.22666666666666666
wa-test-000381,0,0.0,0,0.22666666666666666
wa-test-000382,0,0.0,0,0.22666666666666666
wa-test-000383,0,0.06,0,0.22666666666666666
wa-test-000384,0,0.03,0,0.22666666666666666
wa-test-000385,0,0.28,1,0.22666666666666666
wa-test-000386,0,0.01,0,0.22666666666666666
wa-test-000387,0,0.03,0,0.22666666666666666
wa-test-000388,0,0.01,0,0.22666666666666666
wa-test-000389,0,0.14,0,0.22666666666666666
wa-test-000390,0,0.0,0,0.22666666666666666
wa-test-000391,0,0.0,0,0.22666666666666666
wa-test-000392,1,0.76,1,0.22666666666666666
wa-test-000393,0,0.0,0,0.22666666666666666
wa-test-000394,0,0.01,0,0.22666666666666666
wa-test-000395,0,0.03,0,0.22666666666666666
wa-test-000396,0,0.02,0,0.22666666666666666
wa-test-000397,0,0.02,0,0.22666666666666666
wa-test-000398,0,0.01,0,0.22666666666666666
wa-test-000399,0,0.0,0,0.22666666666666666
wa-test-000400,1,0.91,1,0.22666666666666666
wa-test-000401,0,0.53,1,0.22666666666666666
wa-test-000402,0,0.0,0,0.22666666666666666
wa-test-000403,0,0.0,0,0.22666666666666666
wa-test-000404,0,0.0,0,0.22666666666666666
wa-test-000405,0,0.03,0,0.22666666666666666
wa-test-000406,0,0.0,0,0.22666666666666666
wa-test-000407,1,0.01,0,0.22666666666666666
wa-test-000408,0,0.01,0,0.22666666666666666
wa-test-000409,0,0.01,0,0.22666666666666666
wa-test-000410,0,0.0,0,0.22666666666666666
wa-test-000411,0,0.02,0,0.22666666666666666
wa-test-000412,0,0.0,0,0.22666666666666666
wa-test-000413,0,0.04,0,0.22666666666666666
wa-test-000414,0,0.05,0,0.22666666666666666
wa-test-000415,0,0.0,0,0.22666666666666666
wa-test-000416,0,0.01,0,0.22666666666666666
wa-test-000417,0,0.0,0,0.22666666666666666
wa-test-000418,0,0.0,0,0.22666666666666666
wa-test-000419,0,0.0,0,0.22666666666666666
wa-test-000420,1,0.0,0,0.22666666666666666
wa-test-000421,0,0.0,0,0.22666666666666666
wa-test-000422,1,0.93,1,0.22666666666666666
wa-test-000423,0,0.0,0,0.22666666666666666
wa-test-000424,1,0.0,0,0.22666666666666666
wa-test-000425,0,0.0,0,0.22666666666666666
wa-test-000426,0,0.0,0,0.22666666666666666
wa-test-000427,0,0.0,0,0.22666666666666666
wa-test-000428,0,0.0,0,0.22666666666666666
wa-test-000429,1,0.49,1,0.22666666666666666
wa-test-000430,0,0.0,0,0.22666666666666666
wa-test-000431,0,0.0,0,0.22666666666666666
wa-test-000432,1,0.0,0,0.22666666666666666
wa-test-000433,0,0.0,0,0.22666666666666666
wa-test-000434,0,0.0,0,0.22666666666666666
wa-test-000435,0,0.0,0,0.22666666666666666
wa-test-000436,0,0.0,0,0.22666666666666666
wa-test-000437,0,0.0,0,0.22666666666666666
wa-test-000438,0,0.0,0,0.22666666666666666
wa-test-000439,1,0.71,1,0.22666666666666666
wa-test-000440,0,0.0,0,0.22666666666666666
wa-test-000441,0,0.0,0,0.22666666666666666
wa-test-000442,0,0.01,0,0.22666666666666666
wa-test-000443,0,0.07,0,0.22666666666666666
wa-test-000444,1,0.07,0,0.22666666666666666
wa-test-000445,0,0.01,0,0.22666666666666666
wa-test-000446,0,0.0,0,0.22666666666666666
wa-test-000447,0,0.0,0,0.22666666666666666
wa-test-000448,0,0.0,0,0.22666666666666666
wa-test-000449,0,0.01,0,0.22666666666666666
wa-test-000450,0,0.1,0,0.22666666666666666
wa-test-000451,0,0.01,0,0.22666666666666666
wa-test-000452,0,0.0,0,0.22666666666666666
wa-test-000453,0,0.01,0,0.22666666666666666
wa-test-000454,0,0.06,0,0.22666666666666666
wa-test-000455,0,0.07,0,0.22666666666666666
wa-test-000456,0,0.0,0,0.22666666666666666
wa-test-000457,0,0.0,0,0.22666666666666666
wa-test-000458,0,0.0,0,0.22666666666666666
wa-test-000459,0,0.01,0,0.22666666666666666
wa-test-000460,0,0.0,0,0.22666666666666666
wa-test-000461,0,0.81,1,0.22666666666666666
wa-test-000462,0,0.08,0,0.22666666666666666
wa-test-000463,0,0.0,0,0.22666666666666666
wa-test-000464,1,0.92,1,0.22666666666666666
wa-test-000465,0,0.0,0,0.22666666666666666
wa-test-000466,0,0.02,0,0.22666666666666666
wa-test-000467,1,0.93,1,0.22666666666666666
wa-test-000468,0,0.0,0,0.22666666666666666
wa-test-000469,0,0.01,0,0.22666666666666666
wa-test-000470,0,0.16,0,0.22666666666666666
wa-test-000471,0,0.01,0,0.22666666666666666
wa-test-000472,0,0.0,0,0.22666666666666666
wa-test-000473,0,0.0,0,0.22666666666666666
wa-test-000474,0,0.0,0,0.22666666666666666
wa-test-000475,0,0.01,0,0.22666666666666666
wa-test-000476,0,0.08,0,0.22666666666666666
wa-test-000477,0,0.0,0,0.22666666666666666
wa-test-000478,0,0.01,0,0.22666666666666666
wa-test-000479,0,0.01,0,0.22666666666666666
wa-test-000480,0,0.11,0,0.22666666666666666
wa-test-000481,0,0.0,0,0.22666666666666666
wa-test-000482,0,0.0,0,0.22666666666666666
wa-test-000483,1,0.94,1,0.22666666666666666
wa-test-000484,0,0.03,0,0.22666666666666666
wa-test-000485,0,0.0,0,0.22666666666666666
wa-test-000486,1,0.95,1,0.22666666666666666
wa-test-000487,0,0.06,0,0.22666666666666666
wa-test-000488,1,0.93,1,0.22666666666666666
wa-test-000489,0,0.0,0,0.22666666666666666
wa-test-000490,0,0.08,0,0.22666666666666666
wa-test-000491,1,0.92,1,0.22666666666666666
wa-test-000492,0,0.0,0,0.22666666666666666
wa-test-000493,0,0.0,0,0.22666666666666666
wa-test-000494,0,0.02,0,0.22666666666666666
wa-test-000495,0,0.01,0,0.22666666666666666
wa-test-000496,0,0.01,0,0.22666666666666666
wa-test-000497,0,0.74,1,0.22666666666666666
wa-test-000498,0,0.07,0,0.22666666666666666
wa-test-000499,0,0.07,0,0.22666666666666666
wa-test-000500,0,0.01,0,0.22666666666666666
wa-test-000501,0,0.0,0,0.22666666666666666
wa-test-000502,0,0.0,0,0.22666666666666666
wa-test-000503,0,0.02,0,0.22666666666666666
wa-test-000504,0,0.0,0,0.22666666666666666
wa-test-000505,0,0.01,0,0.22666666666666666
wa-test-000506,0,0.0,0,0.22666666666666666
wa-test-000507,0,0.0,0,0.22666666666666666
wa-test-000508,0,0.21,0,0.22666666666666666
wa-test-000509,0,0.0,0,0.22666666666666666
wa-test-000510,1,0.04,0,0.22666666666666666
wa-test-000511,0,0.05,0,0.22666666666666666
wa-test-000512,0,0.01,0,0.22666666666666666
wa-test-000513,0,0.02,0,0.22666666666666666
wa-test-000514,0,0.0,0,0.22666666666666666
wa-test-000515,0,0.0,0,0.22666666666666666
wa-test-000516,0,0.0,0,0.22666666666666666
wa-test-000517,0,0.01,0,0.22666666666666666
wa-test-000518,0,0.33,1,0.22666666666666666
wa-test-000519,1,0.01,0,0.22666666666666666
wa-test-000520,0,0.0,0,0.22666666666666666
wa-test-000521,0,0.0,0,0.22666666666666666
wa-test-000522,0,0.01,0,0.22666666666666666
wa-test-000523,0,0.01,0,0.22666666666666666
wa-test-000524,0,0.28,1,0.22666666666666666
wa-test-000525,1,0.91,1,0.22666666666666666
wa-test-000526,0,0.0,0,0.22666666666666666
wa-test-000527,0,0.03,0,0.22666666666666666
wa-test-000528,0,0.0,0,0.22666666666666666
wa-test-000529,0,0.01,0,0.22666666666666666
wa-test-000530,0,0.02,0,0.22666666666666666
wa-test-000531,0,0.0,0,0.22666666666666666
wa-test-000532,0,0.0,0,0.22666666666666666
wa-test-000533,0,0.07,0,0.22666666666666666
wa-test-000534,1,0.94,1,0.22666666666666666
wa-test-000535,0,0.01,0,0.22666666666666666
wa-test-000536,0,0.0,0,0.22666666666666666
wa-test-000537,0,0.0,0,0.22666666666666666
wa-test-000538,0,0.0,0,0.22666666666666666
wa-test-000539,0,0.0,0,0.22666666666666666
wa-test-000540,0,0.03,0,0.22666666666666666
wa-test-000541,0,0.0,0,0.22666666666666666
wa-test-000542,0,0.02,0,0.22666666666666666
wa-test-000543,0,0.02,0,0.22666666666666666
wa-test-000544,0,0.05,0,0.22666666666666666
wa-test-000545,0,0.0,0,0.22666666666666666
wa-test-000546,0,0.01,0,0.22666666666666666
wa-test-000547,0,0.0,0,0.22666666666666666
wa-test-000548,0,0.0,0,0.22666666666666666
wa-test-000549,0,0.1,0,0.22666666666666666
wa-test-000550,0,0.01,0,0.22666666666666666
wa-test-000551,0,0.0,0,0.22666666666666666
wa-test-000552,0,0.0,0,0.22666666666666666
wa-test-000553,0,0.01,0,0.22666666666666666
wa-test-000554,0,0.0,0,0.22666666666666666
wa-test-000555,0,0.0,0,0.22666666666666666
wa-test-000556,0,0.04,0,0.22666666666666666
wa-test-000557,0,0.0,0,0.22666666666666666
wa-test-000558,1,0.94,1,0.22666666666666666
wa-test-000559,1,0.17,0,0.22666666666666666
wa-test-000560,0,0.0,0,0.22666666666666666
wa-test-000561,0,0.0,0,0.22666666666666666
wa-test-000562,0,0.0,0,0.22666666666666666
wa-test-000563,0,0.0,0,0.22666666666666666
wa-test-000564,0,0.0,0,0.22666666666666666
wa-test-000565,0,0.01,0,0.22666666666666666
wa-test-000566,0,0.0,0,0.22666666666666666
wa-test-000567,0,0.02,0,0.22666666666666666
wa-test-000568,0,0.0,0,0.22666666666666666
wa-test-000569,0,0.0,0,0.22666666666666666
wa-test-000570,0,0.1,0,0.22666666666666666
wa-test-000571,1,0.65,1,0.22666666666666666
wa-test-000572,0,0.03,0,0.22666666666666666
wa-test-000573,0,0.0,0,0.22666666666666666
wa-test-000574,0,0.08,0,0.22666666666666666
wa-test-000575,0,0.06,0,0.22666666666666666
wa-test-000576,0,0.06,0,0.22666666666666666
wa-test-000577,0,0.07,0,0.22666666666666666
wa-test-000578,0,0.0,0,0.22666666666666666
wa-test-000579,0,0.0,0,0.22666666666666666
wa-test-000580,0,0.04,0,0.22666666666666666
wa-test-000581,1,0.03,0,0.22666666666666666
wa-test-000582,0,0.07,0,0.22666666666666666
wa-test-000583,1,0.11,0,0.22666666666666666
wa-test-000584,0,0.01,0,0.22666666666666666
wa-test-000585,0,0.0,0,0.22666666666666666
wa-test-000586,0,0.0,0,0.22666666666666666
wa-test-000587,0,0.0,0,0.22666666666666666
wa-test-000588,0,0.04,0,0.22666666666666666
wa-test-000589,1,0.43,1,0.22666666666666666
wa-test-000590,0,0.02,0,0.22666666666666666
wa-test-000591,0,0.0,0,0.22666666666666666
wa-test-000592,1,0.0,0,0.22666666666666666
wa-test-000593,0,0.05,0,0.22666666666666666
wa-test-000594,0,0.0,0,0.22666666666666666
wa-test-000595,0,0.03,0,0.22666666666666666
wa-test-000596,0,0.0,0,0.22666666666666666
wa-test-000597,0,0.0,0,0.22666666666666666
wa-test-000598,0,0.0,0,0.22666666666666666
wa-test-000599,0,0.0,0,0.22666666666666666
wa-test-000600,0,0.01,0,0.22666666666666666
wa-test-000601,1,0.91,1,0.22666666666666666
wa-test-000602,0,0.01,0,0.22666666666666666
wa-test-000603,0,0.01,0,0.22666666666666666
wa-test-000604,0,0.1,0,0.22666666666666666
wa-test-000605,0,0.0,0,0.22666666666666666
wa-test-000606,0,0.01,0,0.22666666666666666
wa-test-000607,0,0.02,0,0.22666666666666666
wa-test-000608,1,0.93,1,0.22666666666666666
wa-test-000609,0,0.0,0,0.22666666666666666
wa-test-000610,0,0.19,0,0.22666666666666666
wa-test-000611,0,0.07,0,0.22666666666666666
wa-test-000612,1,0.19,0,0.22666666666666666
wa-test-000613,0,0.01,0,0.22666666666666666
wa-test-000614,0,0.0,0,0.22666666666666666
wa-test-000615,0,0.0,0,0.22666666666666666
wa-test-000616,0,0.03,0,0.22666666666666666
wa-test-000617,0,0.0,0,0.22666666666666666
wa-test-000618,0,0.0,0,0.22666666666666666
wa-test-000619,0,0.0,0,0.22666666666666666
wa-test-000620,0,0.0,0,0.22666666666666666
wa-test-000621,0,0.0,0,0.22666666666666666
wa-test-000622,0,0.01,0,0.22666666666666666
wa-test-000623,0,0.01,0,0.22666666666666666
wa-test-000624,0,0.03,0,0.22666666666666666
wa-test-000625,0,0.12,0,0.22666666666666666
wa-test-000626,0,0.01,0,0.22666666666666666
wa-test-000627,0,0.0,0,0.22666666666666666
wa-test-000628,0,0.0,0,0.22666666666666666
wa-test-000629,0,0.03,0,0.22666666666666666
wa-test-000630,0,0.02,0,0.22666666666666666
wa-test-000631,0,0.0,0,0.22666666666666666
wa-test-000632,1,0.94,1,0.22666666666666666
wa-test-000633,0,0.0,0,0.22666666666666666
wa-test-000634,0,0.0,0,0.22666666666666666
wa-test-000635,0,0.01,0,0.22666666666666666
wa-test-000636,0,0.0,0,0.22666666666666666
wa-test-000637,0,0.01,0,0.22666666666666666
wa-test-000638,0,0.0,0,0.22666666666666666
wa-test-000639,0,0.0,0,0.22666666666666666
wa-test-000640,0,0.03,0,0.22666666666666666
wa-test-000641,1,0.94,1,0.22666666666666666
wa-test-000642,0,0.01,0,0.22666666666666666
wa-test-000643,0,0.02,0,0.22666666666666666
wa-test-000644,0,0.01,0,0.22666666666666666
wa-test-000645,0,0.0,0,0.22666666666666666
wa-test-000646,0,0.0,0,0.22666666666666666
wa-test-000647,0,0.04,0,0.22666666666666666
wa-test-000648,0,0.02,0,0.22666666666666666
wa-test-000649,0,0.0,0,0.22666666666666666
wa-test-000650,1,0.12,0,0.22666666666666666
wa-test-000651,0,0.05,0,0.22666666666666666
wa-test-000652,0,0.22,0,0.22666666666666666
wa-test-000653,0,0.01,0,0.22666666666666666
wa-test-000654,0,0.0,0,0.22666666666666666
wa-test-000655,1,0.94,1,0.22666666666666666
wa-test-000656,0,0.17,0,0.22666666666666666
wa-test-000657,1,0.93,1,0.22666666666666666
wa-test-000658,0,0.16,0,0.22666666666666666
wa-test-000659,0,0.04,0,0.22666666666666666
wa-test-000660,0,0.0,0,0.22666666666666666
wa-test-000661,0,0.07,0,0.22666666666666666
wa-test-000662,0,0.0,0,0.22666666666666666
wa-test-000663,0,0.0,0,0.22666666666666666
wa-test-000664,1,0.89,1,0.22666666666666666
wa-test-000665,0,0.03,0,0.22666666666666666
wa-test-000666,0,0.15,0,0.22666666666666666
wa-test-000667,0,0.28,1,0.22666666666666666
wa-test-000668,0,0.0,0,0.22666666666666666
wa-test-000669,0,0.0,0,0.22666666666666666
wa-test-000670,0,0.0,0,0.22666666666666666
wa-test-000671,0,0.0,0,0.22666666666666666
wa-test-000672,0,0.19,0,0.22666666666666666
wa-test-000673,0,0.0,0,0.22666666666666666
wa-test-000674,0,0.0,0,0.22666666666666666
wa-test-000675,0,0.0,0,0.22666666666666666
wa-test-000676,0,0.0,0,0.22666666666666666
wa-test-000677,0,0.01,0,0.22666666666666666
wa-test-000678,1,0.0,0,0.22666666666666666
wa-test-000679,0,0.01,0,0.22666666666666666
wa-test-000680,0,0.02,0,0.22666666666666666
wa-test-000681,0,0.0,0,0.22666666666666666
wa-test-000682,0,0.02,0,0.22666666666666666
wa-test-000683,0,0.02,0,0.22666666666666666
wa-test-000684,0,0.0,0,0.22666666666666666
wa-test-000685,0,0.01,0,0.22666666666666666
wa-test-000686,0,0.0,0,0.22666666666666666
wa-test-000687,0,0.06,0,0.22666666666666666
wa-test-000688,0,0.0,0,0.22666666666666666
wa-test-000689,0,0.17,0,0.22666666666666666
wa-test-000690,0,0.06,0,0.22666666666666666
wa-test-000691,0,0.04,0,0.22666666666666666
wa-test-000692,0,0.01,0,0.22666666666666666
wa-test-000693,0,0.0,0,0.22666666666666666
wa-test-000694,0,0.0,0,0.22666666666666666
wa-test-000695,0,0.03,0,0.22666666666666666
wa-test-000696,1,0.79,1,0.22666666666666666
wa-test-000697,0,0.0,0,0.22666666666666666
wa-test-000698,0,0.05,0,0.22666666666666666
wa-test-000699,0,0.04,0,0.22666666666666666
wa-test-000700,1,0.08,0,0.22666666666666666
wa-test-000701,1,0.92,1,0.22666666666666666
wa-test-000702,0,0.0,0,0.22666666666666666
wa-test-000703,0,0.07,0,0.22666666666666666
wa-test-000704,0,0.04,0,0.22666666666666666
wa-test-000705,0,0.02,0,0.22666666666666666
wa-test-000706,0,0.0,0,0.22666666666666666
wa-test-000707,0,0.01,0,0.22666666666666666
wa-test-000708,0,0.01,0,0.22666666666666666
wa-test-000709,0,0.0,0,0.22666666666666666
wa-test-000710,0,0.0,0,0.22666666666666666
wa-test-000711,0,0.15,0,0.22666666666666666
wa-test-000712,0,0.0,0,0.22666666666666666
wa-test-000713,0,0.04,0,0.22666666666666666
wa-test-000714,0,0.01,0,0.22666666666666666
wa-test-000715,0,0.0,0,0.22666666666666666
wa-test-000716,0,0.0,0,0.22666666666666666
wa-test-000717,0,0.0,0,0.22666666666666666
wa-test-000718,0,0.07,0,0.22666666666666666
wa-test-000719,1,0.65,1,0.22666666666666666
wa-test-000720,0,0.0,0,0.22666666666666666
wa-test-000721,0,0.03,0,0.22666666666666666
wa-test-000722,0,0.0,0,0.22666666666666666
wa-test-000723,0,0.01,0,0.22666666666666666
wa-test-000724,0,0.16,0,0.22666666666666666
wa-test-000725,0,0.0,0,0.22666666666666666
wa-test-000726,0,0.02,0,0.22666666666666666
wa-test-000727,0,0.0,0,0.22666666666666666
wa-test-000728,0,0.0,0,0.22666666666666666
wa-test-000729,1,0.94,1,0.22666666666666666
wa-test-000730,0,0.03,0,0.22666666666666666
wa-test-000731,0,0.0,0,0.22666666666666666
wa-test-000732,1,0.94,1,0.22666666666666666
wa-test-000733,0,0.01,0,0.22666666666666666
wa-test-000734,0,0.07,0,0.22666666666666666
wa-test-000735,0,0.03,0,0.22666666666666666
wa-test-000736,0,0.03,0,0.22666666666666666
wa-test-000737,0,0.01,0,0.22666666666666666
wa-test-000738,1,0.05,0,0.22666666666666666
wa-test-000739,0,0.0,0,0.22666666666666666
wa-test-000740,0,0.0,0,0.22666666666666666
wa-test-000741,0,0.0,0,0.22666666666666666
wa-test-000742,0,0.0,0,0.22666666666666666
wa-test-000743,0,0.01,0,0.22666666666666666
wa-test-000744,0,0.04,0,0.22666666666666666
wa-test-000745,0,0.17,0,0.22666666666666666
wa-test-000746,0,0.0,0,0.22666666666666666
wa-test-000747,0,0.02,0,0.22666666666666666
wa-test-000748,0,0.01,0,0.22666666666666666
wa-test-000749,0,0.02,0,0.22666666666666666
wa-test-000750,0,0.05,0,0.22666666666666666
wa-test-000751,0,0.01,0,0.22666666666666666
wa-test-000752,0,0.0,0,0.22666666666666666
wa-test-000753,0,0.05,0,0.22666666666666666
wa-test-000754,0,0.0,0,0.22666666666666666
wa-test-000755,0,0.0,0,0.22666666666666666
wa-test-000756,0,0.01,0,0.22666666666666666
wa-test-000757,0,0.01,0,0.22666666666666666
wa-test-000758,0,0.39,1,0.22666666666666666
wa-test-000759,0,0.01,0,0.22666666666666666
wa-test-000760,1,0.89,1,0.22666666666666666
wa-test-000761,0,0.0,0,0.22666666666666666
wa-test-000762,0,0.0,0,0.22666666666666666
wa-test-000763,0,0.0,0,0.22666666666666666
wa-test-000764,0,0.0,0,0.22666666666666666
wa-test-000765,0,0.0,0,0.22666666666666666
wa-test-000766,0,0.02,0,0.22666666666666666
wa-test-000767,0,0.0,0,0.22666666666666666
wa-test-000768,0,0.0,0,0.22666666666666666
wa-test-000769,0,0.06,0,0.22666666666666666
wa-test-000770,0,0.0,0,0.22666666666666666
wa-test-000771,0,0.0,0,0.22666666666666666
wa-test-000772,0,0.01,0,0.22666666666666666
wa-test-000773,1,0.57,1,0.22666666666666666
wa-test-000774,0,0.1,0,0.22666666666666666
wa-test-000775,0,0.0,0,0.22666666666666666
wa-test-000776,0,0.01,0,0.22666666666666666
wa-test-000777,0,0.13,0,0.22666666666666666
wa-test-000778,0,0.0,0,0.22666666666666666
wa-test-000779,0,0.11,0,0.22666666666666666
wa-test-000780,0,0.0,0,0.22666666666666666
wa-test-000781,0,0.0,0,0.22666666666666666
wa-test-000782,0,0.0,0,0.22666666666666666
wa-test-000783,1,0.92,1,0.22666666666666666
wa-test-000784,0,0.01,0,0.22666666666666666
wa-test-000785,0,0.0,0,0.22666666666666666
wa-test-000786,0,0.0,0,0.22666666666666666
wa-test-000787,0,0.12,0,0.22666666666666666
wa-test-000788,0,0.02,0,0.22666666666666666
wa-test-000789,0,0.0,0,0.22666666666666666
wa-test-000790,0,0.01,0,0.22666666666666666
wa-test-000791,0,0.06,0,0.22666666666666666
wa-test-000792,0,0.0,0,0.22666666666666666
wa-test-000793,0,0.0,0,0.22666666666666666
wa-test-000794,0,0.0,0,0.22666666666666666
wa-test-000795,1,0.02,0,0.22666666666666666
wa-test-000796,0,0.04,0,0.22666666666666666
wa-test-000797,0,0.01,0,0.22666666666666666
wa-test-000798,0,0.0,0,0.22666666666666666
wa-test-000799,0,0.0,0,0.22666666666666666
wa-test-000800,0,0.01,0,0.22666666666666666
wa-test-000801,0,0.16,0,0.22666666666666666
wa-test-000802,0,0.68,1,0.22666666666666666
wa-test-000803,1,0.97,1,0.22666666666666666
wa-test-000804,0,0.01,0,0.22666666666666666
wa-test-000805,1,0.68,1,0.22666666666666666
wa-test-000806,0,0.05,0,0.22666666666666666
wa-test-000807,0,0.02,0,0.22666666666666666
wa-test-000808,0,0.04,0,0.22666666666666666
wa-test-000809,0,0.02,0,0.22666666666666666
wa-test-000810,0,0.04,0,0.22666666666666666
wa-test-000811,0,0.01,0,0.22666666666666666
wa-test-000812,0,0.1,0,0.22666666666666666
wa-test-000813,0,0.02,0,0.22666666666666666
wa-test-000814,1,0.16,0,0.22666666666666666
wa-test-000815,0,0.0,0,0.22666666666666666
wa-test-000816,1,0.9,1,0.22666666666666666
wa-test-000817,0,0.08,0,0.22666666666666666
wa-test-000818,0,0.05,0,0.22666666666666666
wa-test-000819,0,0.08,0,0.22666666666666666
wa-test-000820,0,0.16,0,0.22666666666666666
wa-test-000821,0,0.02,0,0.22666666666666666
wa-test-000822,0,0.04,0,0.22666666666666666
wa-test-000823,0,0.02,0,0.22666666666666666
wa-test-000824,0,0.0,0,0.22666666666666666
wa-test-000825,0,0.04,0,0.22666666666666666
wa-test-000826,0,0.0,0,0.22666666666666666
wa-test-000827,0,0.0,0,0.22666666666666666
wa-test-000828,0,0.0,0,0.22666666666666666
wa-test-000829,0,0.01,0,0.22666666666666666
wa-test-000830,0,0.02,0,0.22666666666666666
wa-test-000831,0,0.0,0,0.22666666666666666
wa-test-000832,0,0.0,0,0.22666666666666666
wa-test-000833,0,0.0,0,0.22666666666666666
wa-test-000834,0,0.16,0,0.22666666666666666
wa-test-000835,0,0.0,0,0.22666666666666666
wa-test-000836,0,0.0,0,0.22666666666666666
wa-test-000837,1,0.91,1,0.22666666666666666
wa-test-000838,0,0.0,0,0.22666666666666666
wa-test-000839,0,0.0,0,0.22666666666666666
wa-test-000840,0,0.0,0,0.22666666666666666
wa-test-000841,0,0.02,0,0.22666666666666666
wa-test-000842,1,0.94,1,0.22666666666666666
wa-test-000843,0,0.0,0,0.22666666666666666
wa-test-000844,0,0.03,0,0.22666666666666666
wa-test-000845,0,0.0,0,0.22666666666666666
wa-test-000846,0,0.0,0,0.22666666666666666
wa-test-000847,0,0.0,0,0.22666666666666666
wa-test-000848,0,0.01,0,0.22666666666666666
wa-test-000849,1,0.95,1,0.22666666666666666
wa-test-000850,0,0.64,1,0.22666666666666666
wa-test-000851,0,0.02,0,0.22666666666666666
wa-test-000852,0,0.0,0,0.22666666666666666
wa-test-000853,0,0.01,0,0.22666666666666666
wa-test-000854,0,0.0,0,0.22666666666666666
wa-test-000855,0,0.12,0,0.22666666666666666
wa-test-000856,0,0.03,0,0.22666666666666666
wa-test-000857,0,0.0,0,0.22666666666666666
wa-test-000858,0,0.03,0,0.22666666666666666
wa-test-000859,1,0.94,1,0.22666666666666666
wa-test-000860,0,0.0,0,0.22666666666666666
wa-test-000861,0,0.0,0,0.22666666666666666
wa-test-000862,0,0.02,0,0.22666666666666666
wa-test-000863,0,0.0,0,0.22666666666666666
wa-test-000864,0,0.0,0,0.22666666666666666
wa-test-000865,0,0.0,0,0.22666666666666666
wa-test-000866,0,0.0,0,0.22666666666666666
wa-test-000867,0,0.03,0,0.22666666666666666
wa-test-000868,0,0.01,0,0.22666666666666666
wa-test-000869,0,0.0,0,0.22666666666666666
wa-test-000870,0,0.0,0,0.22666666666666666
wa-test-000871,0,0.15,0,0.22666666666666666
wa-test-000872,0,0.0,0,0.22666666666666666
wa-test-000873,0,0.03,0,0.22666666666666666
wa-test-000874,1,0.95,1,0.22666666666666666
wa-test-000875,0,0.02,0,0.22666666666666666
wa-test-000876,0,0.0,0,0.22666666666666666
wa-test-000877,0,0.0,0,0.22666666666666666
wa-test-000878,1,0.71,1,0.22666666666666666
wa-test-000879,0,0.01,0,0.22666666666666666
wa-test-000880,0,0.07,0,0.22666666666666666
wa-test-000881,0,0.0,0,0.22666666666666666
wa-test-000882,0,0.11,0,0.22666666666666666
wa-test-000883,0,0.01,0,0.22666666666666666
wa-test-000884,1,0.2,0,0.22666666666666666
wa-test-000885,1,0.01,0,0.22666666666666666
wa-test-000886,0,0.0,0,0.22666666666666666
wa-test-000887,0,0.0,0,0.22666666666666666
wa-test-000888,0,0.0,0,0.22666666666666666
wa-test-000889,0,0.01,0,0.22666666666666666
wa-test-000890,0,0.0,0,0.22666666666666666
wa-test-000891,0,0.11,0,0.22666666666666666
wa-test-000892,0,0.02,0,0.22666666666666666
wa-test-000893,0,0.21,0,0.22666666666666666
wa-test-000894,0,0.01,0,0.22666666666666666
wa-test-000895,0,0.0,0,0.22666666666666666
wa-test-000896,0,0.03,0,0.22666666666666666
wa-test-000897,0,0.0,0,0.22666666666666666
wa-test-000898,0,0.02,0,0.22666666666666666
wa-test-000899,0,0.0,0,0.22666666666666666
wa-test-000900,0,0.04,0,0.22666666666666666
wa-test-000901,0,0.0,0,0.22666666666666666
wa-test-000902,0,0.01,0,0.22666666666666666
wa-test-000903,0,0.01,0,0.22666666666666666
wa-test-000904,0,0.0,0,0.22666666666666666
wa-test-000905,0,0.01,0,0.22666666666666666
wa-test-000906,0,0.01,0,0.22666666666666666
wa-test-000907,0,0.13,0,0.22666666666666666
wa-test-000908,0,0.01,0,0.22666666666666666
wa-test-000909,0,0.0,0,0.22666666666666666
wa-test-000910,0,0.0,0,0.22666666666666666
wa-test-000911,0,0.0,0,0.22666666666666666
wa-test-000912,1,0.91,1,0.22666666666666666
wa-test-000913,1,0.93,1,0.22666666666666666
wa-test-000914,0,0.0,0,0.22666666666666666
wa-test-000915,0,0.1,0,0.22666666666666666
wa-test-000916,0,0.14,0,0.22666666666666666
wa-test-000917,0,0.04,0,0.22666666666666666
wa-test-000918,0,0.08,0,0.22666666666666666
wa-test-000919,0,0.0,0,0.22666666666666666
wa-test-000920,0,0.0,0,0.22666666666666666
wa-test-000921,0,0.11,0,0.22666666666666666
wa-test-000922,0,0.04,0,0.22666666666666666
wa-test-000923,0,0.05,0,0.22666666666666666
wa-test-000924,0,0.0,0,0.22666666666666666
wa-test-000925,0,0.13,0,0.22666666666666666
wa-test-000926,0,0.0,0,0.22666666666666666
wa-test-000927,0,0.0,0,0.22666666666666666
wa-test-000928,0,0.03,0,0.22666666666666666
wa-test-000929,0,0.0,0,0.22666666666666666
wa-test-000930,0,0.01,0,0.22666666666666666
wa-test-000931,0,0.01,0,0.22666666666666666
wa-test-000932,0,0.04,0,0.22666666666666666
wa-test-000933,1,0.26,1,0.22666666666666666
wa-test-000934,0,0.02,0,0.22666666666666666
wa-test-000935,0,0.0,0,0.22666666666666666
wa-test-000936,0,0.0,0,0.22666666666666666
wa-test-000937,0,0.02,0,0.22666666666666666
wa-test-000938,0,0.0,0,0.22666666666666666
wa-test-000939,0,0.01,0,0.22666666666666666
wa-test-000940,0,0.0,0,0.22666666666666666
wa-test-000941,0,0.01,0,0.22666666666666666
wa-test-000942,0,0.02,0,0.22666666666666666
wa-test-000943,0,0.03,0,0.22666666666666666
wa-test-000944,0,0.0,0,0.22666666666666666
wa-test-000945,0,0.0,0,0.22666666666666666
wa-test-000946,0,0.0,0,0.22666666666666666
wa-test-000947,0,0.02,0,0.22666666666666666
wa-test-000948,0,0.0,0,0.22666666666666666
wa-test-000949,0,0.0,0,0.22666666666666666
wa-test-000950,0,0.0,0,0.22666666666666666
wa-test-000951,0,0.0,0,0.22666666666666666
wa-test-000952,0,0.2,0,0.22666666666666666
wa-test-000953,0,0.32,1,0.22666666666666666
wa-test-000954,0,0.0,0,0.22666666666666666
wa-test-000955,0,0.0,0,0.22666666666666666
wa-test-000956,0,0.0,0,0.22666666666666666
wa-test-000957,0,0.0,0,0.22666666666666666
wa-test-000958,0,0.08,0,0.22666666666666666
wa-test-000959,0,0.0,0,0.22666666666666666
wa-test-000960,0,0.01,0,0.22666666666666666
wa-test-000961,0,0.04,0,0.22666666666666666
wa-test-000962,0,0.0,0,0.22666666666666666
wa-test-000963,0,0.05,0,0.22666666666666666
wa-test-000964,0,0.0,0,0.22666666666666666
wa-test-000965,1,0.78,1,0.22666666666666666
wa-test-000966,0,0.0,0,0.22666666666666666
wa-test-000967,0,0.0,0,0.22666666666666666
wa-test-000968,0,0.0,0,0.22666666666666666
wa-test-000969,0,0.0,0,0.22666666666666666
wa-test-000970,0,0.04,0,0.22666666666666666
wa-test-000971,0,0.06,0,0.22666666666666666
wa-test-000972,0,0.11,0,0.22666666666666666
wa-test-000973,0,0.02,0,0.22666666666666666
wa-test-000974,0,0.05,0,0.22666666666666666
wa-test-000975,0,0.0,0,0.22666666666666666
wa-test-000976,0,0.0,0,0.22666666666666666
wa-test-000977,0,0.01,0,0.22666666666666666
wa-test-000978,1,0.93,1,0.22666666666666666
wa-test-000979,0,0.02,0,0.22666666666666666
wa-test-000980,0,0.0,0,0.22666666666666666
wa-test-000981,0,0.01,0,0.22666666666666666
wa-test-000982,0,0.01,0,0.22666666666666666
wa-test-000983,1,1.0,1,0.22666666666666666
wa-test-000984,1,0.02,0,0.22666666666666666
wa-test-000985,0,0.09,0,0.22666666666666666
wa-test-000986,0,0.0,0,0.22666666666666666
wa-test-000987,1,0.9,1,0.22666666666666666
wa-test-000988,0,0.0,0,0.22666666666666666
wa-test-000989,1,0.89,1,0.22666666666666666
wa-test-000990,0,0.0,0,0.22666666666666666
wa-test-000991,0,0.04,0,0.22666666666666666
wa-test-000992,0,0.05,0,0.22666666666666666
wa-test-000993,0,0.02,0,0.22666666666666666
wa-test-000994,0,0.0,0,0.22666666666666666
wa-test-000995,0,0.01,0,0.22666666666666666
wa-test-000996,0,0.0,0,0.22666666666666666
wa-test-000997,0,0.0,0,0.22666666666666666
wa-test-000998,0,0.07,0,0.22666666666666666
wa-test-000999,0,0.01,0,0.22666666666666666
wa-test-001000,0,0.01,0,0.22666666666666666
wa-test-001001,0,0.0,0,0.22666666666666666
wa-test-001002,0,0.0,0,0.22666666666666666
wa-test-001003,1,0.0,0,0.22666666666666666
wa-test-001004,0,0.01,0,0.22666666666666666
wa-test-001005,0,0.0,0,0.22666666666666666
wa-test-001006,0,0.02,0,0.22666666666666666
wa-test-001007,0,0.01,0,0.22666666666666666
wa-test-001008,0,0.0,0,0.22666666666666666
wa-test-001009,0,0.0,0,0.22666666666666666
wa-test-001010,0,0.0,0,0.22666666666666666
wa-test-001011,0,0.0,0,0.22666666666666666
wa-test-001012,0,0.01,0,0.22666666666666666
wa-test-001013,0,0.0,0,0.22666666666666666
wa-test-001014,0,0.26,1,0.22666666666666666
wa-test-001015,0,0.03,0,0.22666666666666666
wa-test-001016,1,0.73,1,0.22666666666666666
wa-test-001017,0,0.02,0,0.22666666666666666
wa-test-001018,0,0.0,0,0.22666666666666666
wa-test-001019,0,0.0,0,0.22666666666666666
wa-test-001020,1,0.01,0,0.22666666666666666
wa-test-001021,1,0.92,1,0.22666666666666666
wa-test-001022,0,0.0,0,0.22666666666666666
wa-test-001023,0,0.0,0,0.22666666666666666
wa-test-001024,0,0.0,0,0.22666666666666666
wa-test-001025,0,0.0,0,0.22666666666666666
wa-test-001026,0,0.0,0,0.22666666666666666
wa-test-001027,0,0.07,0,0.22666666666666666
wa-test-001028,0,0.02,0,0.22666666666666666
wa-test-001029,0,0.0,0,0.22666666666666666
wa-test-001030,0,0.0,0,0.22666666666666666
wa-test-001031,0,0.06,0,0.22666666666666666
wa-test-001032,0,0.03,0,0.22666666666666666
wa-test-001033,0,0.01,0,0.22666666666666666
wa-test-001034,0,0.18,0,0.22666666666666666
wa-test-001035,0,0.08,0,0.22666666666666666
wa-test-001036,0,0.0,0,0.22666666666666666
wa-test-001037,0,0.0,0,0.22666666666666666
wa-test-001038,0,0.0,0,0.22666666666666666
wa-test-001039,0,0.01,0,0.22666666666666666
wa-test-001040,0,0.11,0,0.22666666666666666
wa-test-001041,0,0.07,0,0.22666666666666666
wa-test-001042,0,0.06,0,0.22666666666666666
wa-test-001043,1,0.92,1,0.22666666666666666
wa-test-001044,0,0.14,0,0.22666666666666666
wa-test-001045,0,0.03,0,0.22666666666666666
wa-test-001046,1,0.91,1,0.22666666666666666
wa-test-001047,0,0.02,0,0.22666666666666666
wa-test-001048,0,0.03,0,0.22666666666666666
wa-test-001049,0,0.02,0,0.22666666666666666
wa-test-001050,0,0.0,0,0.22666666666666666
wa-test-001051,0,0.0,0,0.22666666666666666
wa-test-001052,0,0.07,0,0.22666666666666666
wa-test-001053,0,0.01,0,0.22666666666666666
wa-test-001054,0,0.06,0,0.22666666666666666
wa-test-001055,0,0.14,0,0.22666666666666666
wa-test-001056,0,0.0,0,0.22666666666666666
wa-test-001057,1,0.91,1,0.22666666666666666
wa-test-001058,0,0.0,0,0.22666666666666666
wa-test-001059,0,0.02,0,0.22666666666666666
wa-test-001060,0,0.0,0,0.22666666666666666
wa-test-001061,0,0.0,0,0.22666666666666666
wa-test-001062,0,0.0,0,0.22666666666666666
wa-test-001063,0,0.05,0,0.22666666666666666
wa-test-001064,0,0.0,0,0.22666666666666666
wa-test-001065,0,0.0,0,0.22666666666666666
wa-test-001066,1,0.92,1,0.22666666666666666
wa-test-001067,0,0.43,1,0.22666666666666666
wa-test-001068,0,0.01,0,0.22666666666666666
wa-test-001069,0,0.0,0,0.22666666666666666
wa-test-001070,0,0.0,0,0.22666666666666666
wa-test-001071,0,0.05,0,0.22666666666666666
wa-test-001072,0,0.0,0,0.22666666666666666
wa-test-001073,0,0.0,0,0.22666666666666666
wa-test-001074,0,0.01,0,0.22666666666666666
wa-test-001075,0,0.02,0,0.22666666666666666
wa-test-001076,0,0.0,0,0.22666666666666666
wa-test-001077,0,0.0,0,0.22666666666666666
wa-test-001078,0,0.29,1,0.22666666666666666
wa-test-001079,0,0.27,1,0.22666666666666666
wa-test-001080,0,0.0,0,0.22666666666666666
wa-test-001081,0,0.0,0,0.22666666666666666
wa-test-001082,0,0.01,0,0.22666666666666666
wa-test-001083,0,0.0,0,0.22666666666666666
wa-test-001084,0,0.08,0,0.22666666666666666
wa-test-001085,0,0.02,0,0.22666666666666666
wa-test-001086,0,0.0,0,0.22666666666666666
wa-test-001087,0,0.06,0,0.22666666666666666
wa-test-001088,0,0.01,0,0.22666666666666666
wa-test-001089,0,0.04,0,0.22666666666666666
wa-test-001090,0,0.02,0,0.22666666666666666
wa-test-001091,0,0.0,0,0.22666666666666666
wa-test-001092,0,0.0,0,0.22666666666666666
wa-test-001093,0,0.0,0,0.22666666666666666
wa-test-001094,0,0.0,0,0.22666666666666666
wa-test-001095,0,0.0,0,0.22666666666666666
wa-test-001096,0,0.0,0,0.22666666666666666
wa-test-001097,0,0.0,0,0.22666666666666666
wa-test-001098,0,0.01,0,0.22666666666666666
wa-test-001099,0,0.05,0,0.22666666666666666
wa-test-001100,0,0.06,0,0.22666666666666666
wa-test-001101,0,0.04,0,0.22666666666666666
wa-test-001102,0,0.01,0,0.22666666666666666
wa-test-001103,0,0.02,0,0.22666666666666666
wa-test-001104,0,0.0,0,0.22666666666666666
wa-test-001105,0,0.06,0,0.22666666666666666
wa-test-001106,0,0.0,0,0.22666666666666666
wa-test-001107,0,0.06,0,0.22666666666666666
wa-test-001108,0,0.0,0,0.22666666666666666
wa-test-001109,1,0.88,1,0.22666666666666666
wa-test-001110,0,0.0,0,0.22666666666666666
wa-test-001111,0,0.0,0,0.22666666666666666
wa-test-001112,0,0.08,0,0.22666666666666666
wa-test-001113,0,0.03,0,0.22666666666666666
wa-test-001114,0,0.0,0,0.22666666666666666
wa-test-001115,0,0.0,0,0.22666666666666666
wa-test-001116,0,0.0,0,0.22666666666666666
wa-test-001117,0,0.0,0,0.22666666666666666
wa-test-001118,0,0.0,0,0.22666666666666666
wa-test-001119,0,0.0,0,0.22666666666666666
wa-test-001120,0,0.0,0,0.22666666666666666
wa-test-001121,0,0.01,0,0.22666666666666666
wa-test-001122,0,0.0,0,0.22666666666666666
wa-test-001123,0,0.02,0,0.22666666666666666
wa-test-001124,0,0.04,0,0.22666666666666666
wa-test-001125,0,0.0,0,0.22666666666666666
wa-test-001126,0,0.0,0,0.22666666666666666
wa-test-001127,0,0.08,0,0.22666666666666666
wa-test-001128,0,0.0,0,0.22666666666666666
wa-test-001129,0,0.02,0,0.22666666666666666
wa-test-001130,0,0.04,0,0.22666666666666666
wa-test-001131,0,0.01,0,0.22666666666666666
wa-test-001132,0,0.02,0,0.22666666666666666
wa-test-001133,0,0.0,0,0.22666666666666666
wa-test-001134,1,0.01,0,0.22666666666666666
wa-test-001135,0,0.0,0,0.22666666666666666
wa-test-001136,0,0.2,0,0.22666666666666666
wa-test-001137,0,0.6,1,0.22666666666666666
wa-test-001138,0,0.0,0,0.22666666666666666
wa-test-001139,0,0.0,0,0.22666666666666666
wa-test-001140,0,0.0,0,0.22666666666666666
wa-test-001141,0,0.0,0,0.22666666666666666
wa-test-001142,0,0.02,0,0.22666666666666666
wa-test-001143,0,0.0,0,0.22666666666666666
wa-test-001144,0,0.16,0,0.22666666666666666
wa-test-001145,1,0.94,1,0.22666666666666666
wa-test-001146,0,0.0,0,0.22666666666666666
wa-test-001147,0,0.01,0,0.22666666666666666
wa-test-001148,0,0.06,0,0.22666666666666666
wa-test-001149,0,0.02,0,0.22666666666666666
wa-test-001150,0,0.02,0,0.22666666666666666
wa-test-001151,0,0.0,0,0.22666666666666666
wa-test-001152,0,0.0,0,0.22666666666666666
wa-test-001153,0,0.0,0,0.22666666666666666
wa-test-001154,0,0.0,0,0.22666666666666666
wa-test-001155,1,0.0,0,0.22666666666666666
wa-test-001156,0,0.01,0,0.22666666666666666
wa-test-001157,0,0.01,0,0.22666666666666666
wa-test-001158,1,0.29,1,0.22666666666666666
wa-test-001159,0,0.08,0,0.22666666666666666
wa-test-001160,1,0.91,1,0.22666666666666666
wa-test-001161,1,0.88,1,0.22666666666666666
wa-test-001162,0,0.0,0,0.22666666666666666
wa-test-001163,0,0.01,0,0.22666666666666666
wa-test-001164,0,0.0,0,0.22666666666666666
wa-test-001165,0,0.03,0,0.22666666666666666
wa-test-001166,0,0.0,0,0.22666666666666666
wa-test-001167,0,0.01,0,0.22666666666666666
wa-test-001168,0,0.0,0,0.22666666666666666
wa-test-001169,0,0.46,1,0.22666666666666666
wa-test-001170,0,0.01,0,0.22666666666666666
wa-test-001171,0,0.5,1,0.22666666666666666
wa-test-001172,0,0.02,0,0.22666666666666666
wa-test-001173,0,0.02,0,0.22666666666666666
wa-test-001174,0,0.02,0,0.22666666666666666
wa-test-001175,1,0.95,1,0.22666666666666666
wa-test-001176,0,0.0,0,0.22666666666666666
wa-test-001177,0,0.0,0,0.22666666666666666
wa-test-001178,0,0.0,0,0.22666666666666666
wa-test-001179,0,0.01,0,0.22666666666666666
wa-test-001180,0,0.0,0,0.22666666666666666
wa-test-001181,0,0.01,0,0.22666666666666666
wa-test-001182,0,0.0,0,0.22666666666666666
wa-test-001183,1,0.9,1,0.22666666666666666
wa-test-001184,1,0.92,1,0.22666666666666666
wa-test-001185,0,0.0,0,0.22666666666666666
wa-test-001186,0,0.0,0,0.22666666666666666
wa-test-001187,0,0.01,0,0.22666666666666666
wa-test-001188,0,0.0,0,0.22666666666666666
wa-test-001189,0,0.0,0,0.22666666666666666
wa-test-001190,0,0.01,0,0.22666666666666666
wa-test-001191,0,0.03,0,0.22666666666666666
wa-test-001192,0,0.05,0,0.22666666666666666
wa-test-001193,1,0.9,1,0.22666666666666666
wa-test-001194,0,0.0,0,0.22666666666666666
wa-test-001195,0,0.0,0,0.22666666666666666
wa-test-001196,0,0.01,0,0.22666666666666666
wa-test-001197,0,0.01,0,0.22666666666666666
wa-test-001198,0,0.0,0,0.22666666666666666
wa-test-001199,0,0.0,0,0.22666666666666666
wa-test-001200,0,0.01,0,0.22666666666666666
wa-test-001201,0,0.24,1,0.22666666666666666
wa-test-001202,0,0.0,0,0.22666666666666666
wa-test-001203,0,0.0,0,0.22666666666666666
wa-test-001204,0,0.0,0,0.22666666666666666
wa-test-001205,0,0.0,0,0.22666666666666666
wa-test-001206,0,0.0,0,0.22666666666666666
wa-test-001207,0,0.0,0,0.22666666666666666
wa-test-001208,0,0.0,0,0.22666666666666666
wa-test-001209,0,0.0,0,0.22666666666666666
wa-test-001210,0,0.1,0,0.22666666666666666
wa-test-001211,0,0.04,0,0.22666666666666666
wa-test-001212,1,0.0,0,0.22666666666666666
wa-test-001213,0,0.0,0,0.22666666666666666
wa-test-001214,0,0.0,0,0.22666666666666666
wa-test-001215,0,0.0,0,0.22666666666666666
wa-test-001216,0,0.0,0,0.22666666666666666
wa-test-001217,0,0.09,0,0.22666666666666666
wa-test-001218,0,0.03,0,0.22666666666666666
wa-test-001219,0,0.0,0,0.22666666666666666
wa-test-001220,0,0.0,0,0.22666666666666666
wa-test-001221,0,0.01,0,0.22666666666666666
wa-test-001222,0,0.22,0,0.22666666666666666
wa-test-001223,0,0.0,0,0.22666666666666666
wa-test-001224,0,0.08,0,0.22666666666666666
wa-test-001225,0,0.03,0,0.22666666666666666
wa-test-001226,0,0.0,0,0.22666666666666666
wa-test-001227,0,0.02,0,0.22666666666666666
wa-test-001228,0,0.01,0,0.22666666666666666
wa-test-001229,0,0.02,0,0.22666666666666666
wa-test-001230,0,0.0,0,0.22666666666666666
wa-test-001231,1,0.93,1,0.22666666666666666
wa-test-001232,0,0.04,0,0.22666666666666666
wa-test-001233,0,0.09,0,0.22666666666666666
wa-test-001234,0,0.0,0,0.22666666666666666
wa-test-001235,0,0.0,0,0.22666666666666666
wa-test-001236,0,0.01,0,0.22666666666666666
wa-test-001237,1,0.91,1,0.22666666666666666
wa-test-001238,0,0.01,0,0.22666666666666666
wa-test-001239,0,0.42,1,0.22666666666666666
wa-test-001240,0,0.01,0,0.22666666666666666
wa-test-001241,0,0.01,0,0.22666666666666666
wa-test-001242,0,0.07,0,0.22666666666666666
wa-test-001243,0,0.0,0,0.22666666666666666
wa-test-001244,0,0.01,0,0.22666666666666666
wa-test-001245,0,0.02,0,0.22666666666666666
wa-test-001246,0,0.0,0,0.22666666666666666
wa-test-001247,0,0.0,0,0.22666666666666666
wa-test-001248,0,0.0,0,0.22666666666666666
wa-test-001249,0,0.0,0,0.22666666666666666
wa-test-001250,0,0.0,0,0.22666666666666666
wa-test-001251,0,0.0,0,0.22666666666666666
wa-test-001252,0,0.04,0,0.22666666666666666
wa-test-001253,0,0.03,0,0.22666666666666666
wa-test-001254,0,0.0,0,0.22666666666666666
wa-test-001255,0,0.0,0,0.22666666666666666
wa-test-001256,1,0.95,1,0.22666666666666666
wa-test-001257,0,0.0,0,0.22666666666666666
wa-test-001258,0,0.0,0,0.22666666666666666
wa-test-001259,0,0.01,0,0.22666666666666666
wa-test-001260,0,0.02,0,0.22666666666666666
wa-test-001261,0,0.0,0,0.22666666666666666
wa-test-001262,0,0.0,0,0.22666666666666666
wa-test-001263,0,0.0,0,0.22666666666666666
wa-test-001264,0,0.01,0,0.22666666666666666
wa-test-001265,0,0.05,0,0.22666666666666666
wa-test-001266,0,0.02,0,0.22666666666666666
wa-test-001267,0,0.01,0,0.22666666666666666
wa-test-001268,0,0.01,0,0.22666666666666666
wa-test-001269,0,0.04,0,0.22666666666666666
wa-test-001270,0,0.0,0,0.22666666666666666
wa-test-001271,0,0.0,0,0.22666666666666666
wa-test-001272,0,0.0,0,0.22666666666666666
wa-test-001273,0,0.04,0,0.22666666666666666
wa-test-001274,0,0.0,0,0.22666666666666666
wa-test-001275,0,0.1,0,0.22666666666666666
wa-test-001276,0,0.0,0,0.22666666666666666
wa-test-001277,1,0.96,1,0.22666666666666666
wa-test-001278,0,0.01,0,0.22666666666666666
wa-test-001279,0,0.1,0,0.22666666666666666
wa-test-001280,0,0.0,0,0.22666666666666666
wa-test-001281,0,0.0,0,0.22666666666666666
wa-test-001282,0,0.0,0,0.22666666666666666
wa-test-001283,0,0.0,0,0.22666666666666666
wa-test-001284,0,0.08,0,0.22666666666666666
wa-test-001285,0,0.0,0,0.22666666666666666
wa-test-001286,0,0.0,0,0.22666666666666666
wa-test-001287,0,0.02,0,0.22666666666666666
wa-test-001288,0,0.0,0,0.22666666666666666
wa-test-001289,0,0.02,0,0.22666666666666666
wa-test-001290,0,0.03,0,0.22666666666666666
wa-test-001291,0,0.0,0,0.22666666666666666
wa-test-001292,0,0.0,0,0.22666666666666666
wa-test-001293,1,0.17,0,0.22666666666666666
wa-test-001294,0,0.5,1,0.22666666666666666
wa-test-001295,0,0.01,0,0.22666666666666666
wa-test-001296,0,0.05,0,0.22666666666666666
wa-test-001297,1,0.97,1,0.22666666666666666
wa-test-001298,0,0.0,0,0.22666666666666666
wa-test-001299,0,0.0,0,0.22666666666666666
wa-test-001300,0,0.0,0,0.22666666666666666
wa-test-001301,0,0.02,0,0.22666666666666666
wa-test-001302,0,0.0,0,0.22666666666666666
wa-test-001303,0,0.0,0,0.22666666666666666
wa-test-001304,1,0.0,0,0.22666666666666666
wa-test-001305,0,0.01,0,0.22666666666666666
wa-test-001306,0,0.0,0,0.22666666666666666
wa-test-001307,1,0.08,0,0.22666666666666666
wa-test-001308,0,0.0,0,0.22666666666666666
wa-test-001309,0,0.04,0,0.22666666666666666
wa-test-001310,0,0.0,0,0.22666666666666666
wa-test-001311,0,0.0,0,0.22666666666666666
wa-test-001312,0,0.19,0,0.22666666666666666
wa-test-001313,0,0.0,0,0.22666666666666666
wa-test-001314,0,0.02,0,0.22666666666666666
wa-test-001315,0,0.02,0,0.22666666666666666
wa-test-001316,0,0.0,0,0.22666666666666666
wa-test-001317,0,0.0,0,0.22666666666666666
wa-test-001318,0,0.0,0,0.22666666666666666
wa-test-001319,0,0.0,0,0.22666666666666666
wa-test-001320,0,0.05,0,0.22666666666666666
wa-test-001321,0,0.05,0,0.22666666666666666
wa-test-001322,0,0.07,0,0.22666666666666666
wa-test-001323,0,0.0,0,0.22666666666666666
wa-test-001324,0,0.02,0,0.22666666666666666
wa-test-001325,0,0.0,0,0.22666666666666666
wa-test-001326,0,0.01,0,0.22666666666666666
wa-test-001327,0,0.0,0,0.22666666666666666
wa-test-001328,0,0.03,0,0.22666666666666666
wa-test-001329,0,0.13,0,0.22666666666666666
wa-test-001330,0,0.0,0,0.22666666666666666
wa-test-001331,0,0.04,0,0.22666666666666666
wa-test-001332,0,0.02,0,0.22666666666666666
wa-test-001333,0,0.0,0,0.22666666666666666
wa-test-001334,0,0.01,0,0.22666666666666666
wa-test-001335,0,0.0,0,0.22666666666666666
wa-test-001336,0,0.01,0,0.22666666666666666
wa-test-001337,0,0.03,0,0.22666666666666666
wa-test-001338,0,0.06,0,0.22666666666666666
wa-test-001339,0,0.0,0,0.22666666666666666
wa-test-001340,0,0.0,0,0.22666666666666666
wa-test-001341,0,0.07,0,0.22666666666666666
wa-test-001342,0,0.01,0,0.22666666666666666
wa-test-001343,0,0.01,0,0.22666666666666666
wa-test-001344,0,0.01,0,0.22666666666666666
wa-test-001345,0,0.03,0,0.22666666666666666
wa-test-001346,0,0.0,0,0.22666666666666666
wa-test-001347,0,0.0,0,0.22666666666666666
wa-test-001348,1,0.08,0,0.22666666666666666
wa-test-001349,0,0.01,0,0.22666666666666666
wa-test-001350,0,0.01,0,0.22666666666666666
wa-test-001351,0,0.01,0,0.22666666666666666
wa-test-001352,0,0.0,0,0.22666666666666666
wa-test-001353,0,0.02,0,0.22666666666666666
wa-test-001354,0,0.0,0,0.22666666666666666
wa-test-001355,0,0.03,0,0.22666666666666666
wa-test-001356,0,0.0,0,0.22666666666666666
wa-test-001357,0,0.0,0,0.22666666666666666
wa-test-001358,0,0.0,0,0.22666666666666666
wa-test-001359,0,0.0,0,0.22666666666666666
wa-test-001360,0,0.01,0,0.22666666666666666
wa-test-001361,0,0.02,0,0.22666666666666666
wa-test-001362,0,0.05,0,0.22666666666666666
wa-test-001363,0,0.0,0,0.22666666666666666
wa-test-001364,0,0.02,0,0.22666666666666666
wa-test-001365,1,0.75,1,0.22666666666666666
wa-test-001366,0,0.0,0,0.22666666666666666
wa-test-001367,0,0.04,0,0.22666666666666666
wa-test-001368,0,0.05,0,0.22666666666666666
wa-test-001369,0,0.0,0,0.22666666666666666
wa-test-001370,0,0.08,0,0.22666666666666666
wa-test-001371,0,0.0,0,0.22666666666666666
wa-test-001372,0,0.02,0,0.22666666666666666
wa-test-001373,0,0.0,0,0.22666666666666666
wa-test-001374,1,0.61,1,0.22666666666666666
wa-test-001375,0,0.0,0,0.22666666666666666
wa-test-001376,0,0.0,0,0.22666666666666666
wa-test-001377,0,0.0,0,0.22666666666666666
wa-test-001378,0,0.0,0,0.22666666666666666
wa-test-001379,0,0.01,0,0.22666666666666666
wa-test-001380,0,0.0,0,0.22666666666666666
wa-test-001381,0,0.01,0,0.22666666666666666
wa-test-001382,0,0.01,0,0.22666666666666666
wa-test-001383,0,0.01,0,0.22666666666666666
wa-test-001384,0,0.0,0,0.22666666666666666
wa-test-001385,0,0.0,0,0.22666666666666666
wa-test-001386,1,0.88,1,0.22666666666666666
wa-test-001387,1,0.99,1,0.22666666666666666
wa-test-001388,1,0.91,1,0.22666666666666666
wa-test-001389,0,0.04,0,0.22666666666666666
wa-test-001390,0,0.0,0,0.22666666666666666
wa-test-001391,0,0.01,0,0.22666666666666666
wa-test-001392,0,0.0,0,0.22666666666666666
wa-test-001393,0,0.01,0,0.22666666666666666
wa-test-001394,0,0.0,0,0.22666666666666666
wa-test-001395,0,0.01,0,0.22666666666666666
wa-test-001396,0,0.0,0,0.22666666666666666
wa-test-001397,0,0.06,0,0.22666666666666666
wa-test-001398,0,0.01,0,0.22666666666666666
wa-test-001399,0,0.01,0,0.22666666666666666
wa-test-001400,0,0.01,0,0.22666666666666666
wa-test-001401,0,0.0,0,0.22666666666666666
wa-test-001402,1,0.02,0,0.22666666666666666
wa-test-001403,0,0.1,0,0.22666666666666666
wa-test-001404,0,0.0,0,0.22666666666666666
wa-test-001405,0,0.0,0,0.22666666666666666
wa-test-001406,0,0.21,0,0.22666666666666666
wa-test-001407,0,0.11,0,0.22666666666666666
wa-test-001408,0,0.04,0,0.22666666666666666
wa-test-001409,0,0.01,0,0.22666666666666666
wa-test-001410,0,0.0,0,0.22666666666666666
wa-test-001411,0,0.0,0,0.22666666666666666
wa-test-001412,0,0.0,0,0.22666666666666666
wa-test-001413,0,0.0,0,0.22666666666666666
wa-test-001414,0,0.01,0,0.22666666666666666
wa-test-001415,0,0.0,0,0.22666666666666666
wa-test-001416,0,0.02,0,0.22666666666666666
wa-test-001417,0,0.0,0,0.22666666666666666
wa-test-001418,1,0.0,0,0.22666666666666666
wa-test-001419,0,0.03,0,0.22666666666666666
wa-test-001420,0,0.0,0,0.22666666666666666
wa-test-001421,0,0.04,0,0.22666666666666666
wa-test-001422,0,0.0,0,0.22666666666666666
wa-test-001423,0,0.1,0,0.22666666666666666
wa-test-001424,0,0.01,0,0.22666666666666666
wa-test-001425,0,0.0,0,0.22666666666666666
wa-test-001426,1,0.0,0,0.22666666666666666
wa-test-001427,0,0.0,0,0.22666666666666666
wa-test-001428,0,0.0,0,0.22666666666666666
wa-test-001429,0,0.0,0,0.22666666666666666
wa-test-001430,0,0.05,0,0.22666666666666666
wa-test-001431,0,0.01,0,0.22666666666666666
wa-test-001432,0,0.17,0,0.22666666666666666
wa-test-001433,0,0.0,0,0.22666666666666666
wa-test-001434,0,0.08,0,0.22666666666666666
wa-test-001435,0,0.0,0,0.22666666666666666
wa-test-001436,0,0.02,0,0.22666666666666666
wa-test-001437,0,0.13,0,0.22666666666666666
wa-test-001438,0,0.04,0,0.22666666666666666
wa-test-001439,0,0.01,0,0.22666666666666666
wa-test-001440,0,0.0,0,0.22666666666666666
wa-test-001441,0,0.0,0,0.22666666666666666
wa-test-001442,0,0.0,0,0.22666666666666666
wa-test-001443,0,0.64,1,0.22666666666666666
wa-test-001444,0,0.01,0,0.22666666666666666
wa-test-001445,0,0.0,0,0.22666666666666666
wa-test-001446,0,0.03,0,0.22666666666666666
wa-test-001447,1,0.0,0,0.22666666666666666
wa-test-001448,0,0.0,0,0.22666666666666666
wa-test-001449,0,0.01,0,0.22666666666666666
wa-test-001450,0,0.02,0,0.22666666666666666
wa-test-001451,0,0.0,0,0.22666666666666666
wa-test-001452,0,0.04,0,0.22666666666666666
wa-test-001453,0,0.01,0,0.22666666666666666
wa-test-001454,0,0.05,0,0.22666666666666666
wa-test-001455,0,0.26,1,0.22666666666666666
wa-test-001456,0,0.0,0,0.22666666666666666
wa-test-001457,0,0.02,0,0.22666666666666666
wa-test-001458,0,0.0,0,0.22666666666666666
wa-test-001459,0,0.07,0,0.22666666666666666
wa-test-001460,0,0.41,1,0.22666666666666666
wa-test-001461,0,0.0,0,0.22666666666666666
wa-test-001462,0,0.04,0,0.22666666666666666
wa-test-001463,0,0.0,0,0.22666666666666666
wa-test-001464,1,0.91,1,0.22666666666666666
wa-test-001465,1,0.02,0,0.22666666666666666
wa-test-001466,0,0.01,0,0.22666666666666666
wa-test-001467,0,0.0,0,0.22666666666666666
wa-test-001468,0,0.09,0,0.22666666666666666
wa-test-001469,0,0.01,0,0.22666666666666666
wa-test-001470,0,0.0,0,0.22666666666666666
wa-test-001471,0,0.19,0,0.22666666666666666
wa-test-001472,0,0.0,0,0.22666666666666666
wa-test-001473,1,0.69,1,0.22666666666666666
wa-test-001474,0,0.0,0,0.22666666666666666
wa-test-001475,0,0.02,0,0.22666666666666666
wa-test-001476,0,0.0,0,0.22666666666666666
wa-test-001477,0,0.01,0,0.22666666666666666
wa-test-001478,0,0.01,0,0.22666666666666666
wa-test-001479,0,0.04,0,0.22666666666666666
wa-test-001480,0,0.01,0,0.22666666666666666
wa-test-001481,0,0.01,0,0.22666666666666666
wa-test-001482,0,0.01,0,0.22666666666666666
wa-test-001483,0,0.32,1,0.22666666666666666
wa-test-001484,0,0.0,0,0.22666666666666666
wa-test-001485,0,0.0,0,0.22666666666666666
wa-test-001486,0,0.02,0,0.22666666666666666
wa-test-001487,0,0.0,0,0.22666666666666666
wa-test-001488,0,0.0,0,0.22666666666666666
wa-test-001489,0,0.0,0,0.22666666666666666
wa-test-001490,0,0.28,1,0.22666666666666666
wa-test-001491,0,0.0,0,0.22666666666666666
wa-test-001492,0,0.24,1,0.22666666666666666
wa-test-001493,0,0.0,0,0.22666666666666666
wa-test-001494,1,0.93,1,0.22666666666666666
wa-test-001495,0,0.02,0,0.22666666666666666
wa-test-001496,0,0.0,0,0.22666666666666666
wa-test-001497,0,0.0,0,0.22666666666666666
wa-test-001498,0,0.06,0,0.22666666666666666
wa-test-001499,0,0.0,0,0.22666666666666666
wa-test-001500,0,0.0,0,0.22666666666666666
wa-test-001501,0,0.0,0,0.22666666666666666
wa-test-001502,0,0.09,0,0.22666666666666666
wa-test-001503,1,0.93,1,0.22666666666666666
wa-test-001504,0,0.01,0,0.22666666666666666
wa-test-001505,0,0.01,0,0.22666666666666666
wa-test-001506,0,0.0,0,0.22666666666666666
wa-test-001507,0,0.02,0,0.22666666666666666
wa-test-001508,0,0.01,0,0.22666666666666666
wa-test-001509,0,0.04,0,0.22666666666666666
wa-test-001510,0,0.0,0,0.22666666666666666
wa-test-001511,0,0.06,0,0.22666666666666666
wa-test-001512,0,0.05,0,0.22666666666666666
wa-test-001513,0,0.0,0,0.22666666666666666
wa-test-001514,0,0.0,0,0.22666666666666666
wa-test-001515,0,0.08,0,0.22666666666666666
wa-test-001516,0,0.0,0,0.22666666666666666
wa-test-001517,0,0.0,0,0.22666666666666666
wa-test-001518,0,0.01,0,0.22666666666666666
wa-test-001519,0,0.33,1,0.22666666666666666
wa-test-001520,0,0.48,1,0.22666666666666666
wa-test-001521,0,0.01,0,0.22666666666666666
wa-test-001522,0,0.0,0,0.22666666666666666
wa-test-001523,0,0.0,0,0.22666666666666666
wa-test-001524,0,0.01,0,0.22666666666666666
wa-test-001525,1,0.94,1,0.22666666666666666
wa-test-001526,0,0.03,0,0.22666666666666666
wa-test-001527,0,0.18,0,0.22666666666666666
wa-test-001528,0,0.0,0,0.22666666666666666
wa-test-001529,0,0.02,0,0.22666666666666666
wa-test-001530,0,0.09,0,0.22666666666666666
wa-test-001531,0,0.0,0,0.22666666666666666
wa-test-001532,0,0.0,0,0.22666666666666666
wa-test-001533,0,0.03,0,0.22666666666666666
wa-test-001534,0,0.01,0,0.22666666666666666
wa-test-001535,0,0.0,0,0.22666666666666666
wa-test-001536,0,0.0,0,0.22666666666666666
wa-test-001537,0,0.0,0,0.22666666666666666
wa-test-001538,0,0.0,0,0.22666666666666666
wa-test-001539,0,0.0,0,0.22666666666666666
wa-test-001540,1,0.03,0,0.22666666666666666
wa-test-001541,0,0.01,0,0.22666666666666666
wa-test-001542,0,0.03,0,0.22666666666666666
wa-test-001543,1,0.06,0,0.22666666666666666
wa-test-001544,0,0.22,0,0.22666666666666666
wa-test-001545,0,0.04,0,0.22666666666666666
wa-test-001546,0,0.0,0,0.22666666666666666
wa-test-001547,0,0.0,0,0.22666666666666666
wa-test-001548,0,0.0,0,0.22666666666666666
wa-test-001549,0,0.0,0,0.22666666666666666
wa-test-001550,0,0.02,0,0.22666666666666666
wa-test-001551,0,0.0,0,0.22666666666666666
wa-test-001552,0,0.0,0,0.22666666666666666
wa-test-001553,0,0.02,0,0.22666666666666666
wa-test-001554,0,0.0,0,0.22666666666666666
wa-test-001555,0,0.0,0,0.22666666666666666
wa-test-001556,0,0.0,0,0.22666666666666666
wa-test-001557,0,0.01,0,0.22666666666666666
wa-test-001558,0,0.0,0,0.22666666666666666
wa-test-001559,0,0.0,0,0.22666666666666666
wa-test-001560,0,0.02,0,0.22666666666666666
wa-test-001561,0,0.01,0,0.22666666666666666
wa-test-001562,0,0.0,0,0.22666666666666666
wa-test-001563,0,0.11,0,0.22666666666666666
wa-test-001564,0,0.0,0,0.22666666666666666
wa-test-001565,0,0.04,0,0.22666666666666666
wa-test-001566,0,0.0,0,0.22666666666666666
wa-test-001567,0,0.01,0,0.22666666666666666
wa-test-001568,1,0.94,1,0.22666666666666666
wa-test-001569,0,0.0,0,0.22666666666666666
wa-test-001570,0,0.0,0,0.22666666666666666
wa-test-001571,1,0.24,1,0.22666666666666666
wa-test-001572,0,0.02,0,0.22666666666666666
wa-test-001573,0,0.0,0,0.22666666666666666
wa-test-001574,0,0.04,0,0.22666666666666666
wa-test-001575,0,0.0,0,0.22666666666666666
wa-test-001576,0,0.02,0,0.22666666666666666
wa-test-001577,0,0.22,0,0.22666666666666666
wa-test-001578,1,0.94,1,0.22666666666666666
wa-test-001579,0,0.01,0,0.22666666666666666
wa-test-001580,0,0.08,0,0.22666666666666666
wa-test-001581,0,0.24,1,0.22666666666666666
wa-test-001582,0,0.03,0,0.22666666666666666
wa-test-001583,0,0.06,0,0.22666666666666666
wa-test-001584,0,0.0,0,0.22666666666666666
wa-test-001585,0,0.01,0,0.22666666666666666
wa-test-001586,0,0.0,0,0.22666666666666666
wa-test-001587,0,0.01,0,0.22666666666666666
wa-test-001588,0,0.03,0,0.22666666666666666
wa-test-001589,0,0.0,0,0.22666666666666666
wa-test-001590,0,0.0,0,0.22666666666666666
wa-test-001591,0,0.02,0,0.22666666666666666
wa-test-001592,0,0.08,0,0.22666666666666666
wa-test-001593,0,0.0,0,0.22666666666666666
wa-test-001594,0,0.03,0,0.22666666666666666
wa-test-001595,0,0.0,0,0.22666666666666666
wa-test-001596,0,0.0,0,0.22666666666666666
wa-test-001597,0,0.01,0,0.22666666666666666
wa-test-001598,0,0.0,0,0.22666666666666666
wa-test-001599,0,0.0,0,0.22666666666666666
wa-test-001600,0,0.0,0,0.22666666666666666
wa-test-001601,0,0.25,1,0.22666666666666666
wa-test-001602,0,0.0,0,0.22666666666666666
wa-test-001603,0,0.04,0,0.22666666666666666
wa-test-001604,0,0.1,0,0.22666666666666666
wa-test-001605,0,0.01,0,0.22666666666666666
wa-test-001606,0,0.03,0,0.22666666666666666
wa-test-001607,0,0.0,0,0.22666666666666666
wa-test-001608,0,0.03,0,0.22666666666666666
wa-test-001609,0,0.02,0,0.22666666666666666
wa-test-001610,1,0.0,0,0.22666666666666666
wa-test-001611,0,0.01,0,0.22666666666666666
wa-test-001612,0,0.01,0,0.22666666666666666
wa-test-001613,0,0.03,0,0.22666666666666666
wa-test-001614,0,0.03,0,0.22666666666666666
wa-test-001615,0,0.02,0,0.22666666666666666
wa-test-001616,0,0.0,0,0.22666666666666666
wa-test-001617,0,0.01,0,0.22666666666666666
wa-test-001618,0,0.11,0,0.22666666666666666
wa-test-001619,0,0.11,0,0.22666666666666666
wa-test-001620,0,0.0,0,0.22666666666666666
wa-test-001621,0,0.01,0,0.22666666666666666
wa-test-001622,0,0.1,0,0.22666666666666666
wa-test-001623,0,0.01,0,0.22666666666666666
wa-test-001624,0,0.01,0,0.22666666666666666
wa-test-001625,0,0.02,0,0.22666666666666666
wa-test-001626,1,0.89,1,0.22666666666666666
wa-test-001627,0,0.03,0,0.22666666666666666
wa-test-001628,0,0.01,0,0.22666666666666666
wa-test-001629,0,0.23,1,0.22666666666666666
wa-test-001630,0,0.02,0,0.22666666666666666
wa-test-001631,0,0.05,0,0.22666666666666666
wa-test-001632,0,0.02,0,0.22666666666666666
wa-test-001633,0,0.01,0,0.22666666666666666
wa-test-001634,0,0.0,0,0.22666666666666666
wa-test-001635,0,0.0,0,0.22666666666666666
wa-test-001636,0,0.04,0,0.22666666666666666
wa-test-001637,1,0.12,0,0.22666666666666666
wa-test-001638,0,0.01,0,0.22666666666666666
wa-test-001639,0,0.01,0,0.22666666666666666
wa-test-001640,0,0.01,0,0.22666666666666666
wa-test-001641,0,0.0,0,0.22666666666666666
wa-test-001642,0,0.0,0,0.22666666666666666
wa-test-001643,0,0.02,0,0.22666666666666666
wa-test-001644,0,0.0,0,0.22666666666666666
wa-test-001645,0,0.02,0,0.22666666666666666
wa-test-001646,0,0.01,0,0.22666666666666666
wa-test-001647,0,0.04,0,0.22666666666666666
wa-test-001648,1,0.96,1,0.22666666666666666
wa-test-001649,0,0.13,0,0.22666666666666666
wa-test-001650,0,0.04,0,0.22666666666666666
wa-test-001651,1,0.97,1,0.22666666666666666
wa-test-001652,0,0.09,0,0.22666666666666666
wa-test-001653,0,0.0,0,0.22666666666666666
wa-test-001654,0,0.04,0,0.22666666666666666
wa-test-001655,0,0.01,0,0.22666666666666666
wa-test-001656,0,0.28,1,0.22666666666666666
wa-test-001657,0,0.06,0,0.22666666666666666
wa-test-001658,0,0.01,0,0.22666666666666666
wa-test-001659,0,0.11,0,0.22666666666666666
wa-test-001660,0,0.0,0,0.22666666666666666
wa-test-001661,0,0.01,0,0.22666666666666666
wa-test-001662,0,0.0,0,0.22666666666666666
wa-test-001663,1,0.01,0,0.22666666666666666
wa-test-001664,0,0.0,0,0.22666666666666666
wa-test-001665,0,0.01,0,0.22666666666666666
wa-test-001666,0,0.0,0,0.22666666666666666
wa-test-001667,0,0.04,0,0.22666666666666666
wa-test-001668,1,0.19,0,0.22666666666666666
wa-test-001669,0,0.0,0,0.22666666666666666
wa-test-001670,0,0.0,0,0.22666666666666666
wa-test-001671,0,0.0,0,0.22666666666666666
wa-test-001672,0,0.05,0,0.22666666666666666
wa-test-001673,0,0.03,0,0.22666666666666666
wa-test-001674,0,0.0,0,0.22666666666666666
wa-test-001675,0,0.02,0,0.22666666666666666
wa-test-001676,0,0.01,0,0.22666666666666666
wa-test-001677,0,0.0,0,0.22666666666666666
wa-test-001678,0,0.04,0,0.22666666666666666
wa-test-001679,0,0.02,0,0.22666666666666666
wa-test-001680,0,0.0,0,0.22666666666666666
wa-test-001681,0,0.0,0,0.22666666666666666
wa-test-001682,0,0.0,0,0.22666666666666666
wa-test-001683,0,0.01,0,0.22666666666666666
wa-test-001684,0,0.02,0,0.22666666666666666
wa-test-001685,0,0.01,0,0.22666666666666666
wa-test-001686,0,0.0,0,0.22666666666666666
wa-test-001687,0,0.0,0,0.22666666666666666
wa-test-001688,0,0.01,0,0.22666666666666666
wa-test-001689,0,0.01,0,0.22666666666666666
wa-test-001690,0,0.0,0,0.22666666666666666
wa-test-001691,0,0.0,0,0.22666666666666666
wa-test-001692,0,0.06,0,0.22666666666666666
wa-test-001693,1,0.94,1,0.22666666666666666
wa-test-001694,0,0.01,0,0.22666666666666666
wa-test-001695,0,0.0,0,0.22666666666666666
wa-test-001696,0,0.01,0,0.22666666666666666
wa-test-001697,0,0.01,0,0.22666666666666666
wa-test-001698,0,0.01,0,0.22666666666666666
wa-test-001699,0,0.05,0,0.22666666666666666
wa-test-001700,0,0.0,0,0.22666666666666666
wa-test-001701,0,0.19,0,0.22666666666666666
wa-test-001702,0,0.0,0,0.22666666666666666
wa-test-001703,0,0.0,0,0.22666666666666666
wa-test-001704,0,0.03,0,0.22666666666666666
wa-test-001705,0,0.03,0,0.22666666666666666
wa-test-001706,0,0.0,0,0.22666666666666666
wa-test-001707,1,0.94,1,0.22666666666666666
wa-test-001708,0,0.0,0,0.22666666666666666
wa-test-001709,0,0.26,1,0.22666666666666666
wa-test-001710,0,0.04,0,0.22666666666666666
wa-test-001711,1,0.92,1,0.22666666666666666
wa-test-001712,0,0.07,0,0.22666666666666666
wa-test-001713,0,0.0,0,0.22666666666666666
wa-test-001714,0,0.1,0,0.22666666666666666
wa-test-001715,0,0.03,0,0.22666666666666666
wa-test-001716,0,0.01,0,0.22666666666666666
wa-test-001717,0,0.01,0,0.22666666666666666
wa-test-001718,0,0.02,0,0.22666666666666666
wa-test-001719,0,0.0,0,0.22666666666666666
wa-test-001720,0,0.32,1,0.22666666666666666
wa-test-001721,1,0.02,0,0.22666666666666666
wa-test-001722,0,0.0,0,0.22666666666666666
wa-test-001723,0,0.0,0,0.22666666666666666
wa-test-001724,0,0.0,0,0.22666666666666666
wa-test-001725,0,0.0,0,0.22666666666666666
wa-test-001726,0,0.06,0,0.22666666666666666
wa-test-001727,0,0.0,0,0.22666666666666666
wa-test-001728,0,0.0,0,0.22666666666666666
wa-test-001729,0,0.0,0,0.22666666666666666
wa-test-001730,0,0.0,0,0.22666666666666666
wa-test-001731,0,0.0,0,0.22666666666666666
wa-test-001732,0,0.04,0,0.22666666666666666
wa-test-001733,0,0.0,0,0.22666666666666666
wa-test-001734,0,0.07,0,0.22666666666666666
wa-test-001735,0,0.06,0,0.22666666666666666
wa-test-001736,0,0.03,0,0.22666666666666666
wa-test-001737,1,0.92,1,0.22666666666666666
wa-test-001738,1,0.92,1,0.22666666666666666
wa-test-001739,0,0.0,0,0.22666666666666666
wa-test-001740,0,0.0,0,0.22666666666666666
wa-test-001741,0,0.0,0,0.22666666666666666
wa-test-001742,0,0.07,0,0.22666666666666666
wa-test-001743,0,0.0,0,0.22666666666666666
wa-test-001744,0,0.0,0,0.22666666666666666
wa-test-001745,0,0.01,0,0.22666666666666666
wa-test-001746,0,0.01,0,0.22666666666666666
wa-test-001747,0,0.04,0,0.22666666666666666
wa-test-001748,0,0.02,0,0.22666666666666666
wa-test-001749,0,0.02,0,0.22666666666666666
wa-test-001750,0,0.04,0,0.22666666666666666
wa-test-001751,0,0.03,0,0.22666666666666666
wa-test-001752,0,0.03,0,0.22666666666666666
wa-test-001753,0,0.02,0,0.22666666666666666
wa-test-001754,0,0.0,0,0.22666666666666666
wa-test-001755,0,0.03,0,0.22666666666666666
wa-test-001756,0,0.0,0,0.22666666666666666
wa-test-001757,0,0.0,0,0.22666666666666666
wa-test-001758,0,0.01,0,0.22666666666666666
wa-test-001759,0,0.1,0,0.22666666666666666
wa-test-001760,0,0.02,0,0.22666666666666666
wa-test-001761,0,0.0,0,0.22666666666666666
wa-test-001762,0,0.04,0,0.22666666666666666
wa-test-001763,0,0.01,0,0.22666666666666666
wa-test-001764,0,0.0,0,0.22666666666666666
wa-test-001765,1,0.92,1,0.22666666666666666
wa-test-001766,0,0.0,0,0.22666666666666666
wa-test-001767,0,0.06,0,0.22666666666666666
wa-test-001768,0,0.0,0,0.22666666666666666
wa-test-001769,0,0.16,0,0.22666666666666666
wa-test-001770,0,0.01,0,0.22666666666666666
wa-test-001771,0,0.01,0,0.22666666666666666
wa-test-001772,0,0.01,0,0.22666666666666666
wa-test-001773,0,0.01,0,0.22666666666666666
wa-test-001774,0,0.0,0,0.22666666666666666
wa-test-001775,0,0.0,0,0.22666666666666666
wa-test-001776,0,0.08,0,0.22666666666666666
wa-test-001777,0,0.12,0,0.22666666666666666
wa-test-001778,0,0.07,0,0.22666666666666666
wa-test-001779,0,0.03,0,0.22666666666666666
wa-test-001780,0,0.0,0,0.22666666666666666
wa-test-001781,0,0.03,0,0.22666666666666666
wa-test-001782,0,0.0,0,0.22666666666666666
wa-test-001783,0,0.0,0,0.22666666666666666
wa-test-001784,0,0.13,0,0.22666666666666666
wa-test-001785,0,0.0,0,0.22666666666666666
wa-test-001786,0,0.0,0,0.22666666666666666
wa-test-001787,0,0.03,0,0.22666666666666666
wa-test-001788,0,0.0,0,0.22666666666666666
wa-test-001789,0,0.01,0,0.22666666666666666
wa-test-001790,0,0.0,0,0.22666666666666666
wa-test-001791,0,0.21,0,0.22666666666666666
wa-test-001792,0,0.0,0,0.22666666666666666
wa-test-001793,0,0.01,0,0.22666666666666666
wa-test-001794,0,0.01,0,0.22666666666666666
wa-test-001795,1,0.01,0,0.22666666666666666
wa-test-001796,0,0.04,0,0.22666666666666666
wa-test-001797,1,0.96,1,0.22666666666666666
wa-test-001798,0,0.03,0,0.22666666666666666
wa-test-001799,0,0.08,0,0.22666666666666666
wa-test-001800,0,0.0,0,0.22666666666666666
wa-test-001801,0,0.0,0,0.22666666666666666
wa-test-001802,1,0.04,0,0.22666666666666666
wa-test-001803,0,0.0,0,0.22666666666666666
wa-test-001804,0,0.0,0,0.22666666666666666
wa-test-001805,0,0.02,0,0.22666666666666666
wa-test-001806,0,0.1,0,0.22666666666666666
wa-test-001807,0,0.0,0,0.22666666666666666
wa-test-001808,0,0.0,0,0.22666666666666666
wa-test-001809,0,0.0,0,0.22666666666666666
wa-test-001810,0,0.0,0,0.22666666666666666
wa-test-001811,0,0.01,0,0.22666666666666666
wa-test-001812,1,0.87,1,0.22666666666666666
wa-test-001813,0,0.02,0,0.22666666666666666
wa-test-001814,0,0.01,0,0.22666666666666666
wa-test-001815,0,0.26,1,0.22666666666666666
wa-test-001816,0,0.15,0,0.22666666666666666
wa-test-001817,1,0.22,0,0.22666666666666666
wa-test-001818,1,0.87,1,0.22666666666666666
wa-test-001819,0,0.04,0,0.22666666666666666
wa-test-001820,0,0.03,0,0.22666666666666666
wa-test-001821,0,0.02,0,0.22666666666666666
wa-test-001822,0,0.0,0,0.22666666666666666
wa-test-001823,1,0.97,1,0.22666666666666666
wa-test-001824,0,0.14,0,0.22666666666666666
wa-test-001825,0,0.0,0,0.22666666666666666
wa-test-001826,0,0.0,0,0.22666666666666666
wa-test-001827,0,0.0,0,0.22666666666666666
wa-test-001828,0,0.0,0,0.22666666666666666
wa-test-001829,1,0.0,0,0.22666666666666666
wa-test-001830,0,0.0,0,0.22666666666666666
wa-test-001831,0,0.05,0,0.22666666666666666
wa-test-001832,1,0.02,0,0.22666666666666666
wa-test-001833,0,0.05,0,0.22666666666666666
wa-test-001834,0,0.11,0,0.22666666666666666
wa-test-001835,0,0.0,0,0.22666666666666666
wa-test-001836,0,0.0,0,0.22666666666666666
wa-test-001837,1,0.92,1,0.22666666666666666
wa-test-001838,0,0.5,1,0.22666666666666666
wa-test-001839,1,0.03,0,0.22666666666666666
wa-test-001840,0,0.05,0,0.22666666666666666
wa-test-001841,0,0.0,0,0.22666666666666666
wa-test-001842,0,0.0,0,0.22666666666666666
wa-test-001843,0,0.0,0,0.22666666666666666
wa-test-001844,0,0.02,0,0.22666666666666666
wa-test-001845,0,0.0,0,0.22666666666666666
wa-test-001846,0,0.03,0,0.22666666666666666
wa-test-001847,0,0.0,0,0.22666666666666666
wa-test-001848,0,0.01,0,0.22666666666666666
wa-test-001849,0,0.01,0,0.22666666666666666
wa-test-001850,0,0.14,0,0.22666666666666666
wa-test-001851,0,0.0,0,0.22666666666666666
wa-test-001852,0,0.01,0,0.22666666666666666
wa-test-001853,0,0.09,0,0.22666666666666666
wa-test-001854,0,0.01,0,0.22666666666666666
wa-test-001855,0,0.0,0,0.22666666666666666
wa-test-001856,0,0.0,0,0.22666666666666666
wa-test-001857,0,0.02,0,0.22666666666666666
wa-test-001858,0,0.0,0,0.22666666666666666
wa-test-001859,0,0.0,0,0.22666666666666666
wa-test-001860,0,0.03,0,0.22666666666666666
wa-test-001861,0,0.04,0,0.22666666666666666
wa-test-001862,0,0.0,0,0.22666666666666666
wa-test-001863,0,0.14,0,0.22666666666666666
wa-test-001864,1,0.92,1,0.22666666666666666
wa-test-001865,0,0.0,0,0.22666666666666666
wa-test-001866,0,0.01,0,0.22666666666666666
wa-test-001867,0,0.0,0,0.22666666666666666
wa-test-001868,1,0.02,0,0.22666666666666666
wa-test-001869,0,0.11,0,0.22666666666666666
wa-test-001870,0,0.07,0,0.22666666666666666
wa-test-001871,0,0.0,0,0.22666666666666666
wa-test-001872,0,0.01,0,0.22666666666666666
wa-test-001873,0,0.02,0,0.22666666666666666
wa-test-001874,0,0.0,0,0.22666666666666666
wa-test-001875,0,0.02,0,0.22666666666666666
wa-test-001876,0,0.0,0,0.22666666666666666
wa-test-001877,0,0.02,0,0.22666666666666666
wa-test-001878,0,0.0,0,0.22666666666666666
wa-test-001879,0,0.01,0,0.22666666666666666
wa-test-001880,0,0.0,0,0.22666666666666666
wa-test-001881,0,0.04,0,0.22666666666666666
wa-test-001882,0,0.0,0,0.22666666666666666
wa-test-001883,1,0.98,1,0.22666666666666666
wa-test-001884,0,0.0,0,0.22666666666666666
wa-test-001885,0,0.01,0,0.22666666666666666
wa-test-001886,0,0.01,0,0.22666666666666666
wa-test-001887,0,0.04,0,0.22666666666666666
wa-test-001888,0,0.05,0,0.22666666666666666
wa-test-001889,0,0.0,0,0.22666666666666666
wa-test-001890,0,0.13,0,0.22666666666666666
wa-test-001891,0,0.0,0,0.22666666666666666
wa-test-001892,0,0.18,0,0.22666666666666666
wa-test-001893,0,0.0,0,0.22666666666666666
wa-test-001894,0,0.0,0,0.22666666666666666
wa-test-001895,0,0.01,0,0.22666666666666666
wa-test-001896,1,0.93,1,0.22666666666666666
wa-test-001897,0,0.01,0,0.22666666666666666
wa-test-001898,0,0.0,0,0.22666666666666666
wa-test-001899,0,0.0,0,0.22666666666666666
wa-test-001900,0,0.04,0,0.22666666666666666
wa-test-001901,0,0.01,0,0.22666666666666666
wa-test-001902,0,0.0,0,0.22666666666666666
wa-test-001903,0,0.0,0,0.22666666666666666
wa-test-001904,0,0.0,0,0.22666666666666666
wa-test-001905,0,0.0,0,0.22666666666666666
wa-test-001906,0,0.47,1,0.22666666666666666
wa-test-001907,0,0.0,0,0.22666666666666666
wa-test-001908,0,0.13,0,0.22666666666666666
wa-test-001909,0,0.0,0,0.22666666666666666
wa-test-001910,1,0.02,0,0.22666666666666666
wa-test-001911,0,0.0,0,0.22666666666666666
wa-test-001912,0,0.11,0,0.22666666666666666
wa-test-001913,0,0.01,0,0.22666666666666666
wa-test-001914,0,0.07,0,0.22666666666666666
wa-test-001915,0,0.01,0,0.22666666666666666
wa-test-001916,0,0.06,0,0.22666666666666666
wa-test-001917,1,0.97,1,0.22666666666666666
wa-test-001918,0,0.0,0,0.22666666666666666
wa-test-001919,0,0.0,0,0.22666666666666666
wa-test-001920,1,0.02,0,0.22666666666666666
wa-test-001921,0,0.0,0,0.22666666666666666
wa-test-001922,0,0.18,0,0.22666666666666666
wa-test-001923,0,0.01,0,0.22666666666666666
wa-test-001924,0,0.0,0,0.22666666666666666
wa-test-001925,0,0.0,0,0.22666666666666666
wa-test-001926,0,0.04,0,0.22666666666666666
wa-test-001927,0,0.01,0,0.22666666666666666
wa-test-001928,0,0.06,0,0.22666666666666666
wa-test-001929,0,0.03,0,0.22666666666666666
wa-test-001930,0,0.16,0,0.22666666666666666
wa-test-001931,0,0.08,0,0.22666666666666666
wa-test-001932,0,0.07,0,0.22666666666666666
wa-test-001933,0,0.0,0,0.22666666666666666
wa-test-001934,0,0.01,0,0.22666666666666666
wa-test-001935,0,0.02,0,0.22666666666666666
wa-test-001936,0,0.0,0,0.22666666666666666
wa-test-001937,0,0.0,0,0.22666666666666666
wa-test-001938,0,0.02,0,0.22666666666666666
wa-test-001939,0,0.0,0,0.22666666666666666
wa-test-001940,1,0.9,1,0.22666666666666666
wa-test-001941,0,0.0,0,0.22666666666666666
wa-test-001942,0,0.0,0,0.22666666666666666
wa-test-001943,0,0.01,0,0.22666666666666666
wa-test-001944,0,0.0,0,0.22666666666666666
wa-test-001945,0,0.0,0,0.22666666666666666
wa-test-001946,0,0.01,0,0.22666666666666666
wa-test-001947,0,0.0,0,0.22666666666666666
wa-test-001948,1,0.92,1,0.22666666666666666
wa-test-001949,0,0.17,0,0.22666666666666666
wa-test-001950,0,0.04,0,0.22666666666666666
wa-test-001951,0,0.0,0,0.22666666666666666
wa-test-001952,0,0.0,0,0.22666666666666666
wa-test-001953,0,0.01,0,0.22666666666666666
wa-test-001954,0,0.0,0,0.22666666666666666
wa-test-001955,1,0.91,1,0.22666666666666666
wa-test-001956,0,0.0,0,0.22666666666666666
wa-test-001957,0,0.0,0,0.22666666666666666
wa-test-001958,0,0.0,0,0.22666666666666666
wa-test-001959,0,0.0,0,0.22666666666666666
wa-test-001960,0,0.01,0,0.22666666666666666
wa-test-001961,0,0.0,0,0.22666666666666666
wa-test-001962,0,0.0,0,0.22666666666666666
wa-test-001963,0,0.0,0,0.22666666666666666
wa-test-001964,1,0.96,1,0.22666666666666666
wa-test-001965,0,0.0,0,0.22666666666666666
wa-test-001966,0,0.02,0,0.22666666666666666
wa-test-001967,0,0.0,0,0.22666666666666666
wa-test-001968,0,0.0,0,0.22666666666666666
wa-test-001969,0,0.11,0,0.22666666666666666
wa-test-001970,1,0.93,1,0.22666666666666666
wa-test-001971,1,0.27,1,0.22666666666666666
wa-test-001972,0,0.34,1,0.22666666666666666
wa-test-001973,0,0.0,0,0.22666666666666666
wa-test-001974,0,0.0,0,0.22666666666666666
wa-test-001975,0,0.0,0,0.22666666666666666
wa-test-001976,0,0.03,0,0.22666666666666666
wa-test-001977,0,0.01,0,0.22666666666666666
wa-test-001978,0,0.11,0,0.22666666666666666
wa-test-001979,0,0.0,0,0.22666666666666666
wa-test-001980,0,0.04,0,0.22666666666666666
wa-test-001981,0,0.19,0,0.22666666666666666
wa-test-001982,0,0.02,0,0.22666666666666666
wa-test-001983,0,0.0,0,0.22666666666666666
wa-test-001984,0,0.02,0,0.22666666666666666
wa-test-001985,0,0.0,0,0.22666666666666666
wa-test-001986,0,0.01,0,0.22666666666666666
wa-test-001987,0,0.0,0,0.22666666666666666
wa-test-001988,0,0.01,0,0.22666666666666666
wa-test-001989,0,0.0,0,0.22666666666666666
wa-test-001990,0,0.02,0,0.22666666666666666
wa-test-001991,0,0.02,0,0.22666666666666666
wa-test-001992,0,0.02,0,0.22666666666666666
wa-test-001993,0,0.0,0,0.22666666666666666
wa-test-001994,0,0.0,0,0.22666666666666666
wa-test-001995,0,0.05,0,0.22666666666666666
wa-test-001996,0,0.05,0,0.22666666666666666
wa-test-001997,0,0.11,0,0.22666666666666666
wa-test-001998,0,0.02,0,0.22666666666666666
wa-test-001999,1,0.0,0,0.22666666666666666
wa-test-002000,0,0.01,0,0.22666666666666666
wa-test-002001,0,0.0,0,0.22666666666666666
wa-test-002002,0,0.01,0,0.22666666666666666
wa-test-002003,0,0.0,0,0.22666666666666666
wa-test-002004,0,0.0,0,0.22666666666666666
wa-test-002005,0,0.0,0,0.22666666666666666
wa-test-002006,1,0.02,0,0.22666666666666666
wa-test-002007,0,0.02,0,0.22666666666666666
wa-test-002008,0,0.03,0,0.22666666666666666
wa-test-002009,0,0.05,0,0.22666666666666666
wa-test-002010,0,0.13,0,0.22666666666666666
wa-test-002011,0,0.0,0,0.22666666666666666
wa-test-002012,0,0.11,0,0.22666666666666666
wa-test-002013,0,0.0,0,0.22666666666666666
wa-test-002014,0,0.11,0,0.22666666666666666
wa-test-002015,0,0.02,0,0.22666666666666666
wa-test-002016,1,0.94,1,0.22666666666666666
wa-test-002017,0,0.01,0,0.22666666666666666
wa-test-002018,0,0.0,0,0.22666666666666666
wa-test-002019,0,0.0,0,0.22666666666666666
wa-test-002020,0,0.0,0,0.22666666666666666
wa-test-002021,0,0.03,0,0.22666666666666666
wa-test-002022,0,0.26,1,0.22666666666666666
wa-test-002023,0,0.07,0,0.22666666666666666
wa-test-002024,0,0.04,0,0.22666666666666666
wa-test-002025,0,0.12,0,0.22666666666666666
wa-test-002026,0,0.04,0,0.22666666666666666
wa-test-002027,0,0.0,0,0.22666666666666666
wa-test-002028,0,0.09,0,0.22666666666666666
wa-test-002029,0,0.0,0,0.22666666666666666
wa-test-002030,0,0.02,0,0.22666666666666666
wa-test-002031,0,0.0,0,0.22666666666666666
wa-test-002032,0,0.03,0,0.22666666666666666
wa-test-002033,0,0.06,0,0.22666666666666666
wa-test-002034,0,0.0,0,0.22666666666666666
wa-test-002035,0,0.0,0,0.22666666666666666
wa-test-002036,0,0.03,0,0.22666666666666666
wa-test-002037,0,0.0,0,0.22666666666666666
wa-test-002038,0,0.0,0,0.22666666666666666
wa-test-002039,0,0.04,0,0.22666666666666666
wa-test-002040,0,0.01,0,0.22666666666666666
wa-test-002041,0,0.0,0,0.22666666666666666
wa-test-002042,1,0.02,0,0.22666666666666666
wa-test-002043,0,0.01,0,0.22666666666666666
wa-test-002044,0,0.0,0,0.22666666666666666
wa-test-002045,0,0.02,0,0.22666666666666666
wa-test-002046,0,0.0,0,0.22666666666666666
wa-test-002047,0,0.04,0,0.22666666666666666
wa-test-002048,1,0.95,1,0.22666666666666666
