dataset,system,budget,seed,threshold,n_test,n_selected,coverage,accuracy,coverage_ci_low,coverage_ci_high,accuracy_ci_low,accuracy_ci_high,empty_bootstrap_draws
wa,J-H1,0,0,0.95,2049,1357,0.662274280136652,0.9992630803242447,0.6417764763299171,0.6827720839433871,0.9977544489672341,1.0,0
wa,J-H1,0,0,0.99,2049,0,0.0,,0.0,0.0,,,2000
wa,J-H1+LR,200,0,0.95,2049,1780,0.8687164470473402,0.994943820224719,0.8535871156661786,0.8838457784285018,0.9916011083966476,0.9977728594923735,0
wa,J-H1+LR,200,0,0.99,2049,1487,0.7257198633479747,0.9986550100874243,0.7061981454367985,0.7452415812591509,0.996617050067659,1.0,0
wa,J-D+LR,200,0,0.95,2049,1876,0.915568570034163,0.9952025586353944,0.9033674963396779,0.9277696437286481,0.9919914575547251,0.9978768577494692,0
wa,J-D+LR,200,0,0.99,2049,1642,0.8013665202537823,0.9969549330085262,0.7837969741337237,0.8184602244997559,0.9939793489546194,0.9993891264508247,0
wa,Q-H1,0,0,0.95,2049,1967,0.9599804782820889,0.9496695475343162,0.9511957052220595,0.9682772083943387,0.9401529141866527,0.9591757224804547,0
wa,Q-H1,0,0,0.99,2049,1908,0.931185944363104,0.9612159329140462,0.920448999511957,0.9419228892142508,0.9524043547928628,0.9696977604858608,0
wa,Q-H1+LR,200,0,0.95,2049,1751,0.8545632015617375,0.9805825242718447,0.838933626159102,0.8696925329428989,0.9738339021615472,0.9869247601125904,0
wa,Q-H1+LR,200,0,0.99,2049,31,0.015129331381161543,1.0,0.009760858955588092,0.020985846754514398,1.0,1.0,0
wa,Q-D+LR,200,0,0.95,2049,1617,0.7891654465592972,0.9938157081014224,0.7715959004392386,0.8067349926793558,0.9897134723155746,0.9974906290438674,0
wa,Q-D+LR,200,0,0.99,2049,867,0.42313323572474376,0.9988465974625144,0.40263543191800877,0.44460712542703756,0.9964497041420118,1.0,0
wa,L1-H1,0,0,0.95,500,478,0.956,0.9853556485355649,0.936,0.972,0.9735152329560963,0.9957539404080752,0
wa,L1-H1,0,0,0.99,500,246,0.492,1.0,0.448,0.536,1.0,1.0,0
wa,L1-H1+LR,200,0,0.95,500,445,0.89,0.9910112359550561,0.862,0.916,0.9819402878359192,0.9978070175438597,0
wa,L1-H1+LR,200,0,0.99,500,419,0.838,1.0,0.80595,0.87,1.0,1.0,0
wa,L1-D+LR,200,0,0.95,500,461,0.922,0.9934924078091106,0.898,0.946,0.9850107066381156,1.0,0
wa,L1-D+LR,200,0,0.99,500,422,0.844,0.9976303317535545,0.81,0.876,0.9927356367098428,1.0,0
wa,L2-H1,0,0,0.95,2049,1723,0.8408979990239142,0.9791062100986652,0.8247925817471937,0.8560273304050756,0.9721092388146426,0.9855741488747836,0
wa,L2-H1,0,0,0.99,2049,1723,0.8408979990239142,0.9791062100986652,0.8247925817471937,0.8560273304050756,0.9721092388146426,0.9855741488747836,0
wa,L2-H1+LR,200,0,0.95,2049,1723,0.8408979990239142,0.9791062100986652,0.8247925817471937,0.8560273304050756,0.9721092388146426,0.9855741488747836,0
wa,L2-H1+LR,200,0,0.99,2049,0,0.0,,0.0,0.0,,,2000
wa,L2-D+LR,200,0,0.95,2049,1891,0.9228892142508541,0.98783712321523,0.9111761835041484,0.9346022449975598,0.9828478055924984,0.9925414877669603,0
wa,L2-D+LR,200,0,0.99,2049,324,0.1581259150805271,1.0,0.14202049780380674,0.17423133235724744,1.0,1.0,0
ag,J-H1,0,0,0.95,2293,1126,0.49105974705625816,1.0,0.4714348015699956,0.5119930222416049,1.0,1.0,0
ag,J-H1,0,0,0.99,2293,0,0.0,,0.0,0.0,,,2000
ag,J-H1+LR,200,0,0.95,2293,1611,0.7025730484081989,0.9987585350713842,0.6838203227213258,0.7213257740950719,0.9968769519050593,1.0,0
ag,J-H1+LR,200,0,0.99,2293,988,0.4308765808983864,1.0,0.41125163541212384,0.4518098560837331,1.0,1.0,0
ag,J-D+LR,200,0,0.95,2293,1644,0.7169646750981248,0.9963503649635036,0.6982119494112516,0.7357174007849978,0.9932721712538226,0.998798112995198,0
ag,J-D+LR,200,0,0.99,2293,982,0.4282599215002181,1.0,0.40863497601395554,0.4487679895333624,1.0,1.0,0
ag,Q-H1,0,0,0.95,2293,2130,0.9289140863497601,0.9328638497652583,0.9180113388573921,0.9398168338421282,0.9216321163332254,0.9431924882629108,0
ag,Q-H1,0,0,0.99,2293,1989,0.8674225904928042,0.9477124183006536,0.853467073702573,0.8809419973833406,0.9374045857995648,0.9576490909022451,0
ag,Q-H1+LR,200,0,0.95,2293,1689,0.7365896205843873,0.9810538780343399,0.7187091146969036,0.7549062363715656,0.9745407715521959,0.9874626865671642,0
ag,Q-H1+LR,200,0,0.99,2293,0,0.0,,0.0,0.0,,,2000
ag,Q-D+LR,200,0,0.95,2293,1252,0.5460095944177933,0.9840255591054313,0.5250763192324466,0.5665067597034452,0.976535789651887,0.9905222592204519,0
ag,Q-D+LR,200,0,0.99,2293,321,0.1399912778020061,0.9937694704049844,0.12516354121238552,0.15439380723942425,0.9845177126433456,1.0,0
ag,L1-H1,0,0,0.95,500,452,0.904,0.9579646017699115,0.878,0.928,0.9389140271493213,0.9757174392935982,0
ag,L1-H1,0,0,0.99,500,209,0.418,1.0,0.376,0.462,1.0,1.0,0
ag,L1-H1+LR,200,0,0.95,500,400,0.8,0.995,0.764,0.834,0.9873417721518988,1.0,0
ag,L1-H1+LR,200,0,0.99,500,207,0.414,1.0,0.372,0.458,1.0,1.0,0
ag,L1-D+LR,200,0,0.95,500,342,0.684,0.9912280701754386,0.644,0.724,0.9799985673352435,1.0,0
ag,L1-D+LR,200,0,0.99,500,225,0.45,1.0,0.408,0.494,1.0,1.0,0
ag,L2-H1,0,0,0.95,2293,1580,0.6890536415176625,0.9962025316455696,0.6698539031836023,0.7086785870039249,0.9929980903882877,0.9987476910075684,0
ag,L2-H1,0,0,0.99,2293,1580,0.6890536415176625,0.9962025316455696,0.6698539031836023,0.7086785870039249,0.9929980903882877,0.9987476910075684,0
ag,L2-H1+LR,200,0,0.95,2293,1580,0.6890536415176625,0.9962025316455696,0.6698539031836023,0.7086785870039249,0.9929980903882877,0.9987476910075684,0
ag,L2-H1+LR,200,0,0.99,2293,0,0.0,,0.0,0.0,,,2000
ag,L2-D+LR,200,0,0.95,2293,1331,0.5804622764936764,0.9969947407963937,0.5599651112080244,0.6000981247274312,0.9936359265764608,0.9992647058823529,0
ag,L2-D+LR,200,0,0.99,2293,696,0.30353249018752726,1.0,0.2852158744003489,0.32272132577409507,1.0,1.0,0
da,J-H1,0,0,0.95,2473,1791,0.7242215932066316,1.0,0.7060250707642539,0.741609381318237,1.0,1.0,0
da,J-H1,0,0,0.99,2473,0,0.0,,0.0,0.0,,,2000
da,J-H1+LR,200,0,0.95,2473,2013,0.8139911039223615,1.0,0.7986150424585523,0.829357056207036,1.0,1.0,0
da,J-H1+LR,200,0,0.99,2473,1507,0.6093813182369592,1.0,0.5895673271330368,0.627982207844723,1.0,1.0,0
da,J-D+LR,200,0,0.95,2473,2051,0.829357056207036,1.0,0.8143954710877477,0.8439243833400727,1.0,1.0,0
da,J-D+LR,200,0,0.99,2473,1852,0.748887990295188,1.0,0.7315002021835827,0.7650727860897695,1.0,1.0,0
da,Q-H1,0,0,0.95,2473,2258,0.9130610594419734,0.8963684676705048,0.9013344116457743,0.9235746057420138,0.883053839364519,0.9090919165054803,0
da,Q-H1,0,0,0.99,2473,2139,0.864941366761019,0.9457690509583918,0.8511827739587545,0.8774868580671249,0.9356172390215929,0.9556699135349173,0
da,Q-H1+LR,200,0,0.95,2473,2275,0.9199353012535382,0.9920879120879121,0.9090072786089769,0.9308532147189649,0.988199042591267,0.9955869373345102,0
da,Q-H1+LR,200,0,0.99,2473,167,0.06752931661949049,1.0,0.05821876263647392,0.07763849575414476,1.0,1.0,0
da,Q-D+LR,200,0,0.95,2473,2236,0.9041649818034776,0.9959749552772809,0.8924383340072786,0.9158916295996765,0.993276482222575,0.9982261640798226,0
da,Q-D+LR,200,0,0.99,2473,1849,0.7476748887990295,1.0,0.7306914678528104,0.7642640517589971,1.0,1.0,0
da,L1-H1,0,0,0.95,500,497,0.994,0.9979879275653923,0.986,1.0,0.9939393939393939,1.0,0
da,L1-H1,0,0,0.99,500,379,0.758,1.0,0.72195,0.796,1.0,1.0,0
da,L1-H1+LR,200,0,0.95,500,408,0.816,1.0,0.782,0.85,1.0,1.0,0
da,L1-H1+LR,200,0,0.99,500,376,0.752,1.0,0.714,0.79,1.0,1.0,0
da,L1-D+LR,200,0,0.95,500,426,0.852,1.0,0.81995,0.882,1.0,1.0,0
da,L1-D+LR,200,0,0.99,500,390,0.78,1.0,0.744,0.818,1.0,1.0,0
da,L2-H1,0,0,0.95,2473,2307,0.9328750505458957,0.9817945383615084,0.9227658714112414,0.9421754953497776,0.9760866964842938,0.9869736541558113,0
da,L2-H1,0,0,0.99,2473,2307,0.9328750505458957,0.9817945383615084,0.9227658714112414,0.9421754953497776,0.9760866964842938,0.9869736541558113,0
da,L2-H1+LR,200,0,0.95,2473,2307,0.9328750505458957,0.9817945383615084,0.9227658714112414,0.9421754953497776,0.9760866964842938,0.9869736541558113,0
da,L2-H1+LR,200,0,0.99,2473,0,0.0,,0.0,0.0,,,2000
da,L2-D+LR,200,0,0.95,2473,1906,0.7707238172260412,0.9994753410283316,0.7541447634452082,0.7877072381722604,0.9984093108230125,1.0,0
da,L2-D+LR,200,0,0.99,2473,1840,0.7440355843105539,1.0,0.7266376870198139,0.760614638091387,1.0,1.0,0
ab,J-H1,0,0,0.95,1916,1551,0.8094989561586639,0.9993552546744036,0.7917536534446764,0.8272442588726514,0.9980481457384516,1.0,0
ab,J-H1,0,0,0.99,1916,0,0.0,,0.0,0.0,,,2000
ab,J-H1+LR,200,0,0.95,1916,1697,0.8856993736951984,0.9994107248084856,0.8721163883089771,0.8997912317327766,0.998220640569395,1.0,0
ab,J-H1+LR,200,0,0.99,1916,1451,0.7573068893528184,1.0,0.7379958246346555,0.7755871607515658,1.0,1.0,0
ab,J-D+LR,200,0,0.95,1916,1780,0.9290187891440501,0.999438202247191,0.9180454070981211,0.9399791231732777,0.9983050847457627,1.0,0
ab,J-D+LR,200,0,0.99,1916,1594,0.8319415448851775,0.9993726474278545,0.8147181628392485,0.848643006263048,0.9981036662452591,1.0,0
ab,Q-H1,0,0,0.95,1916,1780,0.9290187891440501,0.9668539325842697,0.9175234864300627,0.9399791231732777,0.9584251675434889,0.974959307178631,0
ab,Q-H1,0,0,0.99,1916,1695,0.8846555323590815,0.9823008849557522,0.8705636743215032,0.8987604384133612,0.9755803389837728,0.9882422104644327,0
ab,Q-H1+LR,200,0,0.95,1916,1589,0.8293319415448852,0.9905601006922593,0.8126304801670147,0.8460464509394572,0.9856429463171036,0.9949843260188088,0
ab,Q-H1+LR,200,0,0.99,1916,0,0.0,,0.0,0.0,,,2000
ab,Q-D+LR,200,0,0.95,1916,1554,0.8110647181628392,0.9954954954954955,0.7933194154488518,0.8288100208768268,0.9920723096899854,0.9986954110545204,0
ab,Q-D+LR,200,0,0.99,1916,1311,0.6842379958246346,0.9977116704805492,0.662839248434238,0.7051148225469729,0.9947007832304771,1.0,0
ab,L1-H1,0,0,0.95,500,490,0.98,0.9959183673469387,0.966,0.992,0.9897953966862819,1.0,0
ab,L1-H1,0,0,0.99,500,355,0.71,1.0,0.67195,0.748,1.0,1.0,0
ab,L1-H1+LR,200,0,0.95,500,471,0.942,0.9957537154989384,0.918,0.962,0.9893162393162394,1.0,0
ab,L1-H1+LR,200,0,0.99,500,352,0.704,1.0,0.664,0.744,1.0,1.0,0
ab,L1-D+LR,200,0,0.95,500,474,0.948,1.0,0.928,0.966,1.0,1.0,0
ab,L1-D+LR,200,0,0.99,500,383,0.766,1.0,0.73,0.804,1.0,1.0,0
ab,L2-H1,0,0,0.95,1916,1601,0.8355949895615866,0.995627732667083,0.8183716075156576,0.8522964509394572,0.9924525925573879,0.9987357974624507,0
ab,L2-H1,0,0,0.99,1916,1601,0.8355949895615866,0.995627732667083,0.8183716075156576,0.8522964509394572,0.9924525925573879,0.9987357974624507,0
ab,L2-H1+LR,200,0,0.95,1916,1601,0.8355949895615866,0.995627732667083,0.8183716075156576,0.8522964509394572,0.9924525925573879,0.9987357974624507,0
ab,L2-H1+LR,200,0,0.99,1916,1601,0.8355949895615866,0.995627732667083,0.8183716075156576,0.8522964509394572,0.9924525925573879,0.9987357974624507,0
ab,L2-D+LR,200,0,0.95,1916,1615,0.842901878914405,0.9969040247678018,0.826722338204593,0.8596033402922756,0.9938460591133005,0.9993800371977681,0
ab,L2-D+LR,200,0,0.99,1916,1036,0.5407098121085595,1.0,0.517732254697286,0.5626304801670147,1.0,1.0,0
