dataset,system,variant,n_test,flip_rate,flip_ci,delta_f1,ci_low,ci_high,kappa,mean_abs_delta_probability,note
wa,Q-H1,P1,500,0.016,"{'estimate': 0.016, 'ci_low': 0.006, 'ci_high': 0.028, 'n_eligible': 500, 'n_events': 8}",1.1894142134998518,-12.554874401913876,15.771974693767662,0.6282527881040891,0.017008177027206278,Holistic prompt unchanged for P3/P4; P5 not applicable to Noul
wa,Q-D+LR,P1,500,0.028,"{'estimate': 0.028, 'ci_low': 0.014, 'ci_high': 0.044, 'n_eligible': 500, 'n_events': 14}",2.984384037015616,-4.592258207630872,11.483621641516375,0.8324396782841823,0.03369705307423707,Holistic prompt unchanged for P3/P4; P5 not applicable to Noul
wa,Q-H1,P2,500,0.016,"{'estimate': 0.016, 'ci_low': 0.006, 'ci_high': 0.028, 'n_eligible': 500, 'n_events': 8}",0.0,-13.247479285215137,14.815797229590329,0.6584699453551912,0.014176071072296906,Holistic prompt unchanged for P3/P4; P5 not applicable to Noul
wa,Q-D+LR,P2,500,0.026,"{'estimate': 0.026, 'ci_low': 0.014, 'ci_high': 0.04, 'n_eligible': 500, 'n_events': 13}",4.212454212454205,-2.5009920634920637,12.135858431598567,0.8459277519673841,0.029339768702016263,Holistic prompt unchanged for P3/P4; P5 not applicable to Noul
wa,Q-H1,P3,500,0.0,"{'estimate': 0.0, 'ci_low': 0.0, 'ci_high': 0.0, 'n_eligible': 500, 'n_events': 0}",0.0,0.0,0.0,1.0,8.234280199454878e-18,Holistic prompt unchanged for P3/P4; P5 not applicable to Noul
wa,Q-D+LR,P3,500,0.052,"{'estimate': 0.052, 'ci_low': 0.034, 'ci_high': 0.072, 'n_eligible': 500, 'n_events': 26}",-23.736263736263737,-39.01138459355937,-9.798995913117471,0.5580636388360076,0.06875825092961896,Holistic prompt unchanged for P3/P4; P5 not applicable to Noul
wa,Q-H1,P4,500,0.0,"{'estimate': 0.0, 'ci_low': 0.0, 'ci_high': 0.0, 'n_eligible': 500, 'n_events': 0}",0.0,0.0,0.0,1.0,8.234280199454878e-18,Holistic prompt unchanged for P3/P4; P5 not applicable to Noul
wa,Q-D+LR,P4,500,0.046,"{'estimate': 0.046, 'ci_low': 0.028, 'ci_high': 0.066, 'n_eligible': 500, 'n_events': 23}",-17.356173238526182,-31.03836967583343,-4.770574534161496,0.6248205663578232,0.05683889778187742,Holistic prompt unchanged for P3/P4; P5 not applicable to Noul
wa,Q-H1,P6,500,0.008,"{'estimate': 0.008, 'ci_low': 0.002, 'ci_high': 0.016, 'n_eligible': 500, 'n_events': 4}",1.0223298358891526,-3.492902930402929,7.348450491307625,0.8531139835487662,0.01544764934591205,Holistic prompt unchanged for P3/P4; P5 not applicable to Noul
wa,Q-D+LR,P6,500,0.042,"{'estimate': 0.042, 'ci_low': 0.026, 'ci_high': 0.06, 'n_eligible': 500, 'n_events': 21}",-6.043956043956044,-14.458646991229307,2.6835454158350833,0.7691495910649899,0.033929918402457356,Holistic prompt unchanged for P3/P4; P5 not applicable to Noul
wa,Q-H1,P7,500,0.058,"{'estimate': 0.058, 'ci_low': 0.038, 'ci_high': 0.08, 'n_eligible': 500, 'n_events': 29}",25.19260400616333,11.137880334628656,40.774883431913956,0.4317291111459476,0.06270940464192239,Holistic prompt unchanged for P3/P4; P5 not applicable to Noul
wa,Q-D+LR,P7,500,0.066,"{'estimate': 0.066, 'ci_low': 0.046, 'ci_high': 0.09, 'n_eligible': 500, 'n_events': 33}",-9.629353697150307,-19.535315897681986,0.07628000504967543,0.6780613439475532,0.04273554283925763,Holistic prompt unchanged for P3/P4; P5 not applicable to Noul
ag,Q-H1,P1,500,0.03,"{'estimate': 0.03, 'ci_low': 0.016, 'ci_high': 0.046, 'n_eligible': 500, 'n_events': 15}",-7.213930348258707,-19.423107801114178,5.6913652655588,0.3858499836226662,0.029088684091343964,Holistic prompt unchanged for P3/P4; P5 not applicable to Noul
ag,Q-D+LR,P1,500,0.056,"{'estimate': 0.056, 'ci_low': 0.037950000000000005, 'ci_high': 0.076, 'n_eligible': 500, 'n_events': 28}",-22.315789473684212,-35.443701275691,-9.17935918732182,0.5609633718013045,0.04699157909731973,Holistic prompt unchanged for P3/P4; P5 not applicable to Noul
ag,Q-H1,P2,500,0.034,"{'estimate': 0.034, 'ci_low': 0.02, 'ci_high': 0.05, 'n_eligible': 500, 'n_events': 17}",19.362646228317868,4.988784134708277,32.3883128676906,0.5470049030057557,0.032781322131814804,Holistic prompt unchanged for P3/P4; P5 not applicable to Noul
ag,Q-D+LR,P2,500,0.05,"{'estimate': 0.05, 'ci_low': 0.032, 'ci_high': 0.07, 'n_eligible': 500, 'n_events': 25}",5.684210526315788,-6.131405279503106,18.292542486013975,0.7037072153218925,0.040047758267466045,Holistic prompt unchanged for P3/P4; P5 not applicable to Noul
ag,Q-H1,P3,500,0.0,"{'estimate': 0.0, 'ci_low': 0.0, 'ci_high': 0.0, 'n_eligible': 500, 'n_events': 0}",0.0,0.0,0.0,1.0,1.278216789887044e-17,Holistic prompt unchanged for P3/P4; P5 not applicable to Noul
ag,Q-D+LR,P3,500,0.174,"{'estimate': 0.174, 'ci_low': 0.142, 'ci_high': 0.208, 'n_eligible': 500, 'n_events': 87}",-1.6099071207430384,-12.699057681324957,9.634002723762224,0.3875654671397196,0.11769003754293163,Holistic prompt unchanged for P3/P4; P5 not applicable to Noul
ag,Q-H1,P4,500,0.0,"{'estimate': 0.0, 'ci_low': 0.0, 'ci_high': 0.0, 'n_eligible': 500, 'n_events': 0}",0.0,0.0,0.0,1.0,1.278216789887044e-17,Holistic prompt unchanged for P3/P4; P5 not applicable to Noul
ag,Q-D+LR,P4,500,0.084,"{'estimate': 0.084, 'ci_low': 0.06, 'ci_high': 0.11, 'n_eligible': 500, 'n_events': 42}",-46.31578947368421,-58.13953488372093,-33.333333333333336,0.11197564276048722,0.06914626327772166,Holistic prompt unchanged for P3/P4; P5 not applicable to Noul
ag,Q-H1,P6,500,0.072,"{'estimate': 0.072, 'ci_low': 0.05, 'ci_high': 0.096, 'n_eligible': 500, 'n_events': 36}",17.70356140091621,4.575355141731689,30.769453702361975,0.4267515923566879,0.06686295011182436,Holistic prompt unchanged for P3/P4; P5 not applicable to Noul
ag,Q-D+LR,P6,500,0.03,"{'estimate': 0.03, 'ci_low': 0.016, 'ci_high': 0.046, 'n_eligible': 500, 'n_events': 15}",2.7408142999006913,-3.1747014595311835,10.202710666819568,0.832064487236901,0.03874125749856245,Holistic prompt unchanged for P3/P4; P5 not applicable to Noul
ag,Q-H1,P7,500,0.138,"{'estimate': 0.138, 'ci_low': 0.11, 'ci_high': 0.17, 'n_eligible': 500, 'n_events': 69}",26.119402985074625,11.929702434051231,40.8037686659262,0.277940560904144,0.1295364480078797,Holistic prompt unchanged for P3/P4; P5 not applicable to Noul
ag,Q-D+LR,P7,500,0.078,"{'estimate': 0.078, 'ci_low': 0.056, 'ci_high': 0.102, 'n_eligible': 500, 'n_events': 39}",4.453441295546554,-6.219813863928112,15.120107218917527,0.6425166825548141,0.06175169729307753,Holistic prompt unchanged for P3/P4; P5 not applicable to Noul
da,Q-H1,P1,500,0.036,"{'estimate': 0.036, 'ci_low': 0.02, 'ci_high': 0.054, 'n_eligible': 500, 'n_events': 18}",24.33606953162723,12.572878475872297,36.78257770000888,0.23793395427603714,0.0339736657085823,Holistic prompt unchanged for P3/P4; P5 not applicable to Noul
da,Q-D+LR,P1,500,0.004,"{'estimate': 0.004, 'ci_low': 0.0, 'ci_high': 0.01, 'n_eligible': 500, 'n_events': 2}",0.02388915432393901,-1.5361140906432067,1.5528629750994234,0.9867906583535877,0.007883224610437643,Holistic prompt unchanged for P3/P4; P5 not applicable to Noul
da,Q-H1,P2,500,0.094,"{'estimate': 0.094, 'ci_low': 0.07, 'ci_high': 0.12, 'n_eligible': 500, 'n_events': 47}",62.71312083024462,51.929824561403514,72.93250708370253,0.1601143674052894,0.06857150730738835,Holistic prompt unchanged for P3/P4; P5 not applicable to Noul
da,Q-D+LR,P2,500,0.022,"{'estimate': 0.022, 'ci_low': 0.01, 'ci_high': 0.036, 'n_eligible': 500, 'n_events': 11}",-5.655600943559051,-9.439175452520963,-2.5896453601275033,0.9294111607372042,0.018314468319531388,Holistic prompt unchanged for P3/P4; P5 not applicable to Noul
da,Q-H1,P3,500,0.0,"{'estimate': 0.0, 'ci_low': 0.0, 'ci_high': 0.0, 'n_eligible': 500, 'n_events': 0}",0.0,0.0,0.0,1.0,8.026431855894932e-18,Holistic prompt unchanged for P3/P4; P5 not applicable to Noul
da,Q-D+LR,P3,500,0.018,"{'estimate': 0.018, 'ci_low': 0.008, 'ci_high': 0.03, 'n_eligible': 500, 'n_events': 9}",-4.160579305087964,-7.783993073760318,-0.770759918204551,0.937697291908955,0.019417969927015492,Holistic prompt unchanged for P3/P4; P5 not applicable to Noul
da,Q-H1,P4,500,0.0,"{'estimate': 0.0, 'ci_low': 0.0, 'ci_high': 0.0, 'n_eligible': 500, 'n_events': 0}",0.0,0.0,0.0,1.0,8.026431855894932e-18,Holistic prompt unchanged for P3/P4; P5 not applicable to Noul
da,Q-D+LR,P4,500,0.028,"{'estimate': 0.028, 'ci_low': 0.014, 'ci_high': 0.044, 'n_eligible': 500, 'n_events': 14}",-5.96546310832025,-9.908649393831448,-2.5457950539472245,0.9119452551071752,0.024241292887710833,Holistic prompt unchanged for P3/P4; P5 not applicable to Noul
da,Q-H1,P6,500,0.112,"{'estimate': 0.112, 'ci_low': 0.086, 'ci_high': 0.14, 'n_eligible': 500, 'n_events': 56}",68.943882886023,58.208691753414065,78.85976032881392,0.13553565915405996,0.08424702011748744,Holistic prompt unchanged for P3/P4; P5 not applicable to Noul
da,Q-D+LR,P6,500,0.02,"{'estimate': 0.02, 'ci_low': 0.008, 'ci_high': 0.034, 'n_eligible': 500, 'n_events': 10}",-4.052197802197796,-7.551774395824154,-1.018050583154951,0.9360875345127313,0.0190388486012276,Holistic prompt unchanged for P3/P4; P5 not applicable to Noul
da,Q-H1,P7,500,0.06,"{'estimate': 0.06, 'ci_low': 0.04, 'ci_high': 0.082, 'n_eligible': 500, 'n_events': 30}",45.473684210526315,33.77079636202307,56.7033127300507,0.23664122137404575,0.053732300922813545,Holistic prompt unchanged for P3/P4; P5 not applicable to Noul
da,Q-D+LR,P7,500,0.008,"{'estimate': 0.008, 'ci_low': 0.002, 'ci_high': 0.016, 'n_eligible': 500, 'n_events': 4}",-1.0630673674151865,-3.3136789936197335,1.030301161295234,0.9735813167071753,0.011075436347625568,Holistic prompt unchanged for P3/P4; P5 not applicable to Noul
ab,Q-H1,P1,500,0.04,"{'estimate': 0.04, 'ci_low': 0.024, 'ci_high': 0.058, 'n_eligible': 500, 'n_events': 20}",14.583333333333343,5.36493509057021,24.676376544670468,0.7400707007693907,0.04257324290268587,Holistic prompt unchanged for P3/P4; P5 not applicable to Noul
ab,Q-D+LR,P1,500,0.032,"{'estimate': 0.032, 'ci_low': 0.018, 'ci_high': 0.048, 'n_eligible': 500, 'n_events': 16}",-1.7391304347826093,-8.224608558904189,4.583449923730438,0.8506292243922476,0.0351625891462636,Holistic prompt unchanged for P3/P4; P5 not applicable to Noul
ab,Q-H1,P2,500,0.04,"{'estimate': 0.04, 'ci_low': 0.024, 'ci_high': 0.058, 'n_eligible': 500, 'n_events': 20}",10.416666666666671,0.6228844508824871,21.349988708220412,0.7400707007693907,0.04083504880415384,Holistic prompt unchanged for P3/P4; P5 not applicable to Noul
ab,Q-D+LR,P2,500,0.026,"{'estimate': 0.026, 'ci_low': 0.014, 'ci_high': 0.04, 'n_eligible': 500, 'n_events': 13}",2.3291925465838546,-3.4750625941723654,8.309708737864065,0.8760109873340455,0.03191074804210686,Holistic prompt unchanged for P3/P4; P5 not applicable to Noul
ab,Q-H1,P3,500,0.0,"{'estimate': 0.0, 'ci_low': 0.0, 'ci_high': 0.0, 'n_eligible': 500, 'n_events': 0}",0.0,0.0,0.0,1.0,1.286511611978369e-17,Holistic prompt unchanged for P3/P4; P5 not applicable to Noul
ab,Q-D+LR,P3,500,0.056,"{'estimate': 0.056, 'ci_low': 0.037950000000000005, 'ci_high': 0.076, 'n_eligible': 500, 'n_events': 28}",-17.99100449775112,-28.980808553999346,-7.063383695456154,0.6742216223763206,0.05821244683963005,Holistic prompt unchanged for P3/P4; P5 not applicable to Noul
ab,Q-H1,P4,500,0.0,"{'estimate': 0.0, 'ci_low': 0.0, 'ci_high': 0.0, 'n_eligible': 500, 'n_events': 0}",0.0,0.0,0.0,1.0,1.286511611978369e-17,Holistic prompt unchanged for P3/P4; P5 not applicable to Noul
ab,Q-D+LR,P4,500,0.088,"{'estimate': 0.088, 'ci_low': 0.064, 'ci_high': 0.114, 'n_eligible': 500, 'n_events': 44}",-41.88609920391917,-56.901913307695956,-27.349084167357265,0.40421383307154857,0.07532800285132976,Holistic prompt unchanged for P3/P4; P5 not applicable to Noul
ab,Q-H1,P6,500,0.038,"{'estimate': 0.038, 'ci_low': 0.022, 'ci_high': 0.056, 'n_eligible': 500, 'n_events': 19}",2.7063862928348925,-6.510511746260688,12.809922524908668,0.7793161122467943,0.027132603150851232,Holistic prompt unchanged for P3/P4; P5 not applicable to Noul
ab,Q-D+LR,P6,500,0.02,"{'estimate': 0.02, 'ci_low': 0.008, 'ci_high': 0.034, 'n_eligible': 500, 'n_events': 10}",-3.7565217391304344,-8.860730374510293,0.8412730112015316,0.9127977955282709,0.025652196125906322,Holistic prompt unchanged for P3/P4; P5 not applicable to Noul
ab,Q-H1,P7,500,0.072,"{'estimate': 0.072, 'ci_low': 0.05, 'ci_high': 0.096, 'n_eligible': 500, 'n_events': 36}",15.719696969696969,5.064945644124535,27.029947682436894,0.6632240682532555,0.06143586109146287,Holistic prompt unchanged for P3/P4; P5 not applicable to Noul
ab,Q-D+LR,P7,500,0.026,"{'estimate': 0.026, 'ci_low': 0.014, 'ci_high': 0.04, 'n_eligible': 500, 'n_events': 13}",-0.28985507246376585,-6.009672595117879,5.619034650897397,0.8827730486221325,0.0314060763193928,Holistic prompt unchanged for P3/P4; P5 not applicable to Noul
