confidence,n_selected,coverage,risk
0.983332621952107,1431,0.7468684759916493,0.0041928721174004195
0.9818020875100166,1436,0.7494780793319415,0.004874651810584958
0.9818020875001839,1439,0.7510438413361169,0.004864489228630994
0.9818020874903511,1440,0.7515657620041754,0.004861111111111111
0.9818020874805183,1442,0.7526096033402923,0.0048543689320388345
0.9818020874510199,1443,0.7531315240083507,0.004851004851004851
0.9818020874411871,1444,0.7536534446764092,0.004847645429362881
0.979801916727137,1445,0.7541753653444676,0.004844290657439446
0.9798019165492204,1446,0.7546972860125261,0.004840940525587829
0.979801916487866,1447,0.7552192066805845,0.0048375950241879755
0.9798019164675476,1450,0.7567849686847599,0.004827586206896552
0.9798019164004448,1451,0.7573068893528184,0.004824259131633356
0.9798019163187718,1454,0.7588726513569938,0.005502063273727648
0.979801916237099,1458,0.7609603340292276,0.0054869684499314125
0.9775869209027517,1467,0.7656576200417536,0.006816632583503749
0.9775869209024595,1468,0.7661795407098121,0.006811989100817439
0.9775869209018749,1469,0.7667014613778705,0.0068073519400953025
0.9775869209004135,1470,0.767223382045929,0.006802721088435374
0.9775869206803676,1471,0.7677453027139874,0.006798096532970768
0.9775869206800754,1473,0.7687891440501043,0.006788866259334691
0.9775869204582759,1477,0.7708768267223383,0.006770480704129994
0.977586920457691,1478,0.7713987473903967,0.006765899864682003
0.9771654415230272,1487,0.7760960334029228,0.006724949562878279
0.9751351856455069,1488,0.7766179540709812,0.006720430107526882
0.9751351852176047,1491,0.7781837160751566,0.00670690811535882
0.9751351851370428,1493,0.7792275574112735,0.006697923643670462
0.9724228226815802,1494,0.7797494780793319,0.006693440428380187
0.9724228226740965,1498,0.7818371607515657,0.007343124165554072
0.9724228225606657,1499,0.7823590814196242,0.00733822548365577
0.9724228224322677,1500,0.7828810020876826,0.007333333333333333
0.9724228223038698,1501,0.7834029227557411,0.0073284477015323115
0.9724228220545577,1506,0.7860125260960334,0.0073041168658698535
0.9723650365768872,1507,0.7865344467640919,0.0072992700729927005
0.9694238611054039,1513,0.7896659707724426,0.007270323859881031
0.9694238610077774,1515,0.7907098121085595,0.007260726072607261
0.9694238609045817,1518,0.7922755741127349,0.007246376811594203
0.9694238606549463,1519,0.7927974947807933,0.007241606319947334
0.969423860606133,1520,0.7933194154488518,0.007236842105263158
0.9694238604596923,1521,0.7938413361169102,0.007232084155161078
0.9694238604541242,1522,0.7943632567849687,0.00788436268068331
0.9693599893709404,1524,0.7954070981210856,0.007874015748031496
0.9661101352320962,1525,0.795929018789144,0.007868852459016393
0.966110135218535,1527,0.7969728601252609,0.007858546168958742
0.9661101349334259,1528,0.7974947807933194,0.007853403141361256
0.966110134829349,1529,0.7980167014613778,0.008502289077828646
0.9661101347252724,1536,0.8016701461377871,0.008463541666666666
0.9661101345306795,1538,0.802713987473904,0.008452535760728219
0.9661101344537228,1539,0.8032359081419624,0.008447043534762833
0.9661101341414936,1540,0.8037578288100209,0.008441558441558441
0.9661101340509767,1541,0.8042797494780793,0.008436080467229072
0.9660395838205316,1542,0.8048016701461378,0.008430609597924773
0.9624511893232031,1544,0.8058455114822547,0.008419689119170985
0.9624511892083308,1547,0.80741127348643,0.008403361344537815
0.9624511890934587,1548,0.8079331941544885,0.008397932816537468
0.9624511886354715,1550,0.8089770354906054,0.008387096774193548
0.9624511885205995,1556,0.8121085594989561,0.008354755784061696
0.962373317213618,1560,0.81419624217119,0.008333333333333333
0.9584142079951012,1561,0.8147181628392485,0.008327994875080076
0.9584142078516465,1564,0.8162839248434238,0.008312020460358057
0.9584142078375533,1565,0.8168058455114823,0.008306709265175719
0.9584142073425082,1566,0.8173277661795407,0.008301404853128991
0.9584142071990535,1567,0.8178496868475992,0.008296107211231652
0.9584142071202789,1568,0.8183716075156576,0.008928571428571428
0.9584142071061843,1569,0.8188935281837161,0.008922880815806247
0.9583283261129129,1573,0.8209812108559499,0.008900190718372537
0.9583283255060232,1574,0.8215031315240083,0.008894536213468869
0.9539639602386039,1577,0.8230688935281837,0.008877615726062143
0.9539639599255241,1578,0.8235908141962421,0.008871989860583017
0.9539639598686713,1580,0.824634655532359,0.00949367088607595
0.9539639594987386,1582,0.8256784968684759,0.009481668773704172
0.9538693299221888,1583,0.8262004175365344,0.009475679090334808
0.9538693292592684,1587,0.8282881002087683,0.00945179584120983
0.953869328997747,1588,0.8288100208768268,0.009445843828715366
0.9538693280915292,1589,0.8293319415448852,0.009439899307740718
0.949062784218125,1591,0.8303757828810021,0.009428032683846637
0.9490627839660799,1592,0.8308977035490606,0.009422110552763818
0.949062783588012,1593,0.831419624217119,0.009416195856873822
0.9490627834839631,1599,0.8345511482254697,0.009380863039399626
0.9490627833579405,1600,0.8350730688935282,0.009375
0.9489586176483312,1601,0.8355949895615866,0.009369144284821987
0.948958617494371,1602,0.8361169102296451,0.009363295880149813
0.9489586168805404,1603,0.8366388308977035,0.009357454772301934
0.9436706198860253,1604,0.837160751565762,0.009351620947630923
0.9436706195007024,1605,0.8376826722338204,0.009345794392523364
0.9436706193018058,1606,0.8382045929018789,0.00933997509339975
0.9436706192066783,1607,0.8387265135699373,0.009334163036714374
0.9436706191749691,1612,0.8413361169102297,0.009305210918114143
0.9436706191432599,1613,0.8418580375782881,0.009299442033477991
0.943556084244584,1615,0.842901878914405,0.009287925696594427
0.9435560831808694,1616,0.8434237995824635,0.009282178217821782
0.9377450918682164,1617,0.843945720250522,0.00927643784786642
0.9377450912390521,1619,0.8449895615866388,0.00926497838171711
0.9377450906098876,1620,0.8455114822546973,0.009259259259259259
0.937745090431078,1621,0.8460334029227558,0.009253547193090685
0.9377450900867784,1622,0.8465553235908142,0.009247842170160296
0.9376193044410266,1623,0.8470772442588727,0.009242144177449169
0.9312416477974403,1624,0.8475991649269311,0.009236453201970444
0.9312416472733478,1627,0.8491649269311065,0.00921942224953903
0.9312416467554334,1628,0.8496868475991649,0.009213759213759214
0.9312416465331175,1631,0.8512526096033403,0.009196811771919068
0.9312416460152029,1632,0.8517745302713987,0.009191176470588236
0.93110368631838,1634,0.8528183716075156,0.009179926560587515
0.9311036853441628,1638,0.8549060542797495,0.009157509157509158
0.9311036851769326,1639,0.855427974947808,0.009151921903599756
0.9241138054440821,1640,0.8559498956158664,0.009146341463414634
0.9241138052863955,1641,0.8564718162839249,0.009140767824497258
0.9241138035360553,1642,0.8569937369519833,0.0097442143727162
0.9241138031794935,1643,0.8575156576200418,0.009738283627510651
0.9241138029277088,1644,0.8580375782881002,0.010340632603406326
0.9241138017231916,1648,0.860125260960334,0.010315533980582525
0.924113801565505,1650,0.8611691022964509,0.010303030303030303
0.9241138014078186,1651,0.8616910229645094,0.01029678982434888
0.9239627039368428,1652,0.8622129436325678,0.010290556900726392
0.9239627038949328,1654,0.8632567849686847,0.010278113663845224
0.9163134525403858,1655,0.8637787056367432,0.01027190332326284
0.9163134523452258,1656,0.8643006263048016,0.010265700483091788
0.916313451784069,1660,0.8663883089770354,0.010843373493975903
0.916313451696521,1661,0.8669102296450939,0.010836845273931367
0.9163134510836829,1662,0.8674321503131524,0.011432009626955475
0.9161482318508456,1663,0.8679540709812108,0.011425135297654841
0.9161482317375832,1664,0.8684759916492694,0.01141826923076923
0.9161482301950232,1665,0.8689979123173278,0.011411411411411412
0.9077913061748596,1666,0.8695198329853863,0.011404561824729893
0.9077913050970834,1667,0.8700417536534447,0.011397720455908818
0.9077913050497889,1668,0.8705636743215032,0.011390887290167866
0.9077913049964659,1669,0.8710855949895616,0.011983223487118035
0.9077913040471886,1670,0.8716075156576201,0.012574850299401197
0.907610954091679,1671,0.8721294363256785,0.012567324955116697
0.9076109531222878,1672,0.872651356993737,0.012559808612440191
0.8984974479054676,1677,0.8752609603340292,0.01311866428145498
0.8984974462360461,1678,0.8757828810020877,0.013110846245530394
0.8984974460960342,1679,0.8763048016701461,0.0136986301369863
0.8984974447766354,1680,0.8768267223382046,0.014285714285714285
0.8984974444966143,1681,0.877348643006263,0.014277215942891136
0.8883820209235441,1682,0.8778705636743215,0.014268727705112961
0.8883820188572267,1683,0.8783924843423799,0.0142602495543672
0.8883820176801833,1684,0.8789144050104384,0.014251781472684086
0.8881683905736306,1685,0.8794363256784968,0.014243323442136498
0.8881683893931894,1688,0.8810020876826722,0.015995260663507108
0.8881683879859517,1689,0.8815240083507306,0.015985790408525755
0.877396086797031,1690,0.8820459290187892,0.015976331360946745
0.877396086169759,1691,0.8825678496868476,0.01655824955647546
0.877396085878206,1692,0.8830897703549061,0.016548463356973995
0.8773960856513111,1693,0.8836116910229646,0.017129356172474897
0.8773960848228417,1694,0.884133611691023,0.01770956316410862
0.8773960847140093,1695,0.8846555323590815,0.017699115044247787
0.8773960839040155,1696,0.8851774530271399,0.01768867924528302
0.8773960820663604,1697,0.8856993736951984,0.01767825574543312
0.8771643312012094,1699,0.8867432150313153,0.018246027074749854
0.8771643306440999,1700,0.8872651356993737,0.018235294117647058
0.877164330324192,1701,0.8877870563674322,0.018224573780129337
0.8654925732309287,1702,0.8883089770354906,0.01880141010575793
0.8654925732151009,1703,0.8888308977035491,0.019377568995889608
0.8654925719279027,1704,0.8893528183716075,0.01995305164319249
0.865492570752475,1705,0.889874739039666,0.020527859237536656
0.8654925698853958,1706,0.8903966597077244,0.020515826494724502
0.8652417771668877,1707,0.8909185803757829,0.0210896309314587
0.86524177658855,1708,0.8914405010438413,0.021662763466042154
0.8652417760102121,1709,0.8919624217118998,0.021650087770626096
0.8652417733870259,1710,0.8924843423799582,0.021637426900584796
0.8652417731185221,1711,0.8930062630480167,0.02162478082992402
0.8523567846694139,1712,0.8935281837160751,0.02219626168224299
0.8523567844868163,1713,0.8940501043841336,0.022183304144775248
0.8523567834633272,1714,0.894572025052192,0.022170361726954493
0.8523567827551731,1715,0.8950939457202505,0.022157434402332362
0.8523567822572393,1716,0.8956158663883089,0.022144522144522144
0.8523567813388648,1718,0.8966597077244259,0.023282887077997673
0.8523567805532164,1719,0.8971816283924844,0.02326934264107039
0.8384697959114611,1720,0.8977035490605428,0.023837209302325583
0.8384697934258687,1721,0.8982254697286013,0.023823358512492735
0.8384697927614936,1722,0.8987473903966597,0.024390243902439025
0.8384697924409326,1723,0.8992693110647182,0.024376088218224026
0.8235470182671831,1724,0.8997912317327766,0.024361948955916472
0.8235470173776052,1726,0.9008350730688935,0.024913093858632676
0.8235470162755097,1727,0.901356993736952,0.025477707006369428
0.8075620330360024,1729,0.9024008350730689,0.026026604973973393
0.807562031990409,1730,0.9029227557411273,0.026589595375722544
0.8075620314902292,1731,0.9034446764091858,0.027151935297515885
0.8075620303296752,1734,0.9050104384133612,0.02768166089965398
0.807562030169468,1735,0.9055323590814196,0.0276657060518732
0.8075620286188032,1736,0.906054279749478,0.027649769585253458
0.7904973401595209,1737,0.9065762004175365,0.028209556706966035
0.7904973395565069,1738,0.907098121085595,0.02819332566168009
0.7904973392550001,1739,0.9076200417536534,0.02817711328349626
0.7904973389534936,1740,0.9081419624217119,0.028160919540229885
0.7904973385012333,1741,0.9086638830897703,0.02871912693854107
0.7723459992990818,1742,0.9091858037578288,0.02870264064293915
0.7723459990835626,1743,0.9097077244258872,0.02868617326448652
0.7723459982629621,1745,0.9107515657620042,0.02865329512893983
0.7723459952200343,1746,0.9112734864300627,0.0286368843069874
0.7531131856395115,1747,0.9117954070981211,0.028620492272467088
0.7531131845877154,1748,0.9123173277661796,0.028604118993135013
0.7531131843823767,1750,0.9133611691022965,0.02857142857142857
0.7531131831126903,1751,0.9138830897703549,0.02912621359223301
0.7531131818492799,1752,0.9144050104384134,0.02910958904109589
0.7531131811211643,1753,0.9149269311064718,0.029092983456930975
0.7531131793224594,1754,0.9154488517745303,0.029646522234891677
0.7328176202666699,1755,0.9159707724425887,0.02962962962962963
0.7328176184065088,1757,0.9170146137787056,0.030734206033010813
0.7328176175809177,1758,0.9175365344467641,0.030716723549488054
0.7328176162835587,1759,0.9180584551148225,0.030699260943718023
0.7328176138336974,1760,0.918580375782881,0.03125
0.7328176135708936,1761,0.9191022964509394,0.03180011357183418
0.7114927850167114,1762,0.9196242171189979,0.03178206583427923
0.7114927846418617,1763,0.9201461377870563,0.03176403857061826
0.7114927832604211,1764,0.9206680584551148,0.031746031746031744
0.7114927816981825,1765,0.9211899791231732,0.03172804532577904
0.7114927774700959,1766,0.9217118997912317,0.031710079275198186
0.7114927763664133,1767,0.9222338204592901,0.03169213355970572
0.7114927758108248,1768,0.9227557411273486,0.03167420814479638
0.6891878139400147,1769,0.923277661795407,0.03165630299604296
0.6891878137517586,1770,0.9237995824634656,0.031638418079096044
0.6891878106324122,1771,0.9243215031315241,0.032185206098249576
0.6659680020781334,1772,0.9248434237995825,0.03216704288939052
0.6659679993949476,1773,0.925365344467641,0.032148900169204735
0.6659679985633296,1774,0.9258872651356994,0.03269447576099211
0.6659679970965869,1775,0.9264091858037579,0.03323943661971831
0.6659679957222395,1776,0.9269311064718163,0.03322072072072072
0.6419148122330997,1777,0.9274530271398748,0.033202025886325266
0.6419148111208665,1778,0.9279749478079332,0.033183352080989874
0.6419148095261088,1779,0.9284968684759917,0.03316469926925239
0.6419148086869526,1780,0.9290187891440501,0.033707865168539325
0.6419148049737063,1781,0.9295407098121086,0.033688938798427846
0.6419148024985091,1782,0.930062630480167,0.03367003367003367
0.6419147992255012,1783,0.9305845511482255,0.03365114974761638
0.6171253364382188,1784,0.9311064718162839,0.033632286995515695
0.6171253361021265,1785,0.9316283924843424,0.03361344537815126
0.617125334441819,1786,0.9321503131524008,0.0341545352743561
0.6171253327547528,1787,0.9326722338204593,0.03413542249580302
0.6171253307220642,1788,0.9331941544885177,0.03411633109619687
0.5917112910946383,1789,0.9337160751565762,0.03409726103968697
0.5917112848945125,1790,0.9342379958246346,0.03407821229050279
0.591711283252528,1791,0.9347599164926931,0.034059184812953655
0.5917112831003578,1792,0.9352818371607515,0.03404017857142857
0.5657972160062175,1793,0.93580375782881,0.03457891801450084
0.5657972107510059,1794,0.9363256784968684,0.03511705685618729
0.539518390266997,1795,0.9368475991649269,0.03565459610027855
0.5395183865719414,1796,0.9373695198329853,0.036191536748329624
0.5395183842120826,1797,0.9378914405010439,0.03672787979966611
0.5395183799607353,1798,0.9384133611691023,0.03726362625139043
0.513018003915263,1799,0.9389352818371608,0.03724291272929405
0.5130180037098299,1800,0.9394572025052192,0.03722222222222222
0.5130180017586373,1801,0.9399791231732777,0.03720155469183787
0.513018000081095,1802,0.9405010438413361,0.03718091009988901
0.5130179910369222,1803,0.9410229645093946,0.03716028840820854
0.4864442228932657,1804,0.941544885177453,0.037694013303769404
0.4864442198612146,1805,0.9420668058455115,0.037673130193905814
0.4864442192977431,1806,0.94258872651357,0.03765227021040975
0.4864442187617456,1807,0.9431106471816284,0.03818483674598783
0.4864442162282374,1808,0.9436325678496869,0.03816371681415929
0.486444214763345,1809,0.9441544885177453,0.03814262023217247
0.4864442130288889,1810,0.9446764091858038,0.03812154696132597
0.4599468583207912,1814,0.9467640918580376,0.038037486218302094
0.4336740119551855,1815,0.947286012526096,0.03801652892561983
0.4336740065022169,1816,0.9478079331941545,0.037995594713656385
0.433674004796959,1817,0.9483298538622129,0.0379746835443038
0.4336740045048539,1818,0.9488517745302714,0.03850385038503851
0.433673998472527,1819,0.9493736951983298,0.038482682792743264
0.4077687635778399,1820,0.9498956158663883,0.03901098901098901
0.4077687615726003,1821,0.9504175365344467,0.03898956617243273
0.4077687572577407,1822,0.9509394572025052,0.03951701427003293
0.4077687561391175,1823,0.9514613778705637,0.04004388370817334
0.4077687554706997,1824,0.9519832985386222,0.0400219298245614
0.4077687549480794,1825,0.9525052192066806,0.040547945205479455
0.407768754411801,1826,0.9530271398747391,0.04107338444687842
0.4077687532139332,1827,0.9535490605427975,0.041050903119868636
0.4077687522675663,1828,0.954070981210856,0.041028446389496716
0.3823661658539172,1829,0.9545929018789144,0.04155276107162384
0.3823661651928239,1830,0.9551148225469729,0.041530054644808745
0.3823661610193016,1831,0.9556367432150313,0.042053522665210265
0.3823661605036718,1832,0.9561586638830898,0.04203056768558952
0.3823661548317375,1833,0.9566805845511482,0.0425531914893617
0.3575905566700645,1834,0.9572025052192067,0.04252998909487459
0.3575905564863818,1835,0.9577244258872651,0.04250681198910082
0.3575905546683726,1836,0.9582463465553236,0.04302832244008715
0.3575905536934309,1837,0.958768267223382,0.04300489929232444
0.3575905500174837,1838,0.9592901878914405,0.04298150163220892
0.333553315495512,1839,0.9598121085594989,0.042958129418162044
0.3335533153351846,1840,0.9603340292275574,0.042934782608695654
0.3335533121350556,1841,0.9608559498956158,0.04345464421510049
0.3335533114078464,1843,0.9618997912317327,0.04449267498643516
0.3335533095062192,1844,0.9624217118997912,0.045010845986984814
0.3335533094476176,1845,0.9629436325678496,0.044986449864498644
0.3335533078803095,1846,0.9634655532359081,0.04550379198266522
0.3335533076567125,1847,0.9639874739039666,0.04547915538711424
0.3335533062294116,1848,0.964509394572025,0.045454545454545456
0.3103512707234986,1849,0.9650313152400835,0.04597079502433748
0.3103512665134607,1850,0.965553235908142,0.04594594594594595
0.310351265685699,1851,0.9660751565762005,0.046461372231226365
0.3103512641903684,1852,0.9665970772442589,0.04697624190064795
0.3103512613069187,1853,0.9671189979123174,0.04749055585536967
0.3103512606479013,1854,0.9676409185803758,0.04800431499460626
0.3103512594656304,1855,0.9681628392484343,0.04797843665768194
0.2880655410806826,1856,0.9686847599164927,0.047952586206896554
0.2880655408173963,1857,0.9692066805845512,0.048465266558966075
0.2880655406501545,1858,0.9697286012526096,0.04843918191603875
0.2880655400137971,1859,0.9702505219206681,0.04841312533620226
0.2880655389469138,1860,0.9707724425887265,0.0489247311827957
0.2880655332565427,1861,0.971294363256785,0.049435787211176786
0.2880655323954724,1862,0.9718162839248434,0.04940923737916219
0.2667611193632831,1864,0.9728601252609603,0.04935622317596566
0.2667611177926025,1865,0.9733820459290188,0.04986595174262735
0.2667611172781284,1867,0.9744258872651357,0.05034815211569363
0.2667611162321749,1868,0.9749478079331941,0.05032119914346895
0.2667611153791047,1869,0.9754697286012526,0.05029427501337614
0.266761115152321,1870,0.975991649269311,0.05080213903743316
0.2667611150067854,1871,0.9765135699373695,0.05130946018172101
0.2667611144313581,1872,0.9770354906054279,0.05128205128205128
0.2667611125086618,1873,0.9775574112734864,0.05178857447944474
0.2464867869408277,1874,0.9780793319415448,0.052294557097118465
0.2464867854298964,1875,0.9786012526096033,0.0528
0.2464867849370881,1876,0.9791231732776617,0.053304904051172705
0.2464867847916526,1877,0.9796450939457203,0.05327650506126798
0.2464867844055623,1878,0.9801670146137788,0.05324813631522897
0.2464867823777914,1879,0.9806889352818372,0.05321979776476849
0.2272757354040606,1880,0.9812108559498957,0.05319148936170213
0.227275734669167,1881,0.9817327766179541,0.05369484316852738
0.2272757323704534,1882,0.9822546972860126,0.05419766206163656
0.2272757295963703,1883,0.982776617954071,0.054168879447689854
0.2272757294954345,1886,0.9843423799582464,0.05461293743372216
0.2272757271967061,1887,0.9848643006263048,0.05511393746687864
0.2091463797645564,1888,0.9853862212943633,0.055614406779661014
0.2091463755030071,1889,0.9859081419624217,0.056114346214928536
0.2091463750275632,1890,0.9864300626304802,0.056613756613756616
0.1921036530314303,1891,0.9869519832985386,0.05711263881544157
0.1921036529008437,1892,0.9874739039665971,0.057610993657505286
0.1921036525898473,1893,0.9879958246346555,0.05810882197569995
0.1921036522365798,1894,0.988517745302714,0.05807814149947202
0.192103651607903,1895,0.9890396659707724,0.05804749340369393
0.1921036498572358,1896,0.9895615866388309,0.0580168776371308
0.1921036495818095,1897,0.9900835073068893,0.05851344227727991
0.1921036493116155,1898,0.9906054279749478,0.059009483667017915
0.1921036477585543,1899,0.9911273486430062,0.05950500263296472
0.1761403811818014,1900,0.9916492693110647,0.05947368421052632
0.1761403809432351,1901,0.9921711899791231,0.05996843766438716
0.1761403797415329,1902,0.9926931106471816,0.06046267087276551
0.1761403772301308,1903,0.9932150313152401,0.06095638465580662
0.1761403767868111,1904,0.9937369519832986,0.06144957983193277
0.1761403766675414,1905,0.994258872651357,0.06141732283464567
0.161238872842023,1906,0.9947807933194155,0.061385099685204614
0.161238872557394,1907,0.9953027139874739,0.06187729417933928
0.1612388714878387,1908,0.9958246346555324,0.062368972746331235
0.1612388707876089,1909,0.9963465553235908,0.06286013619696176
0.1612388707107746,1910,0.9968684759916493,0.06335078534031413
0.1473725231280821,1911,0.9973903966597077,0.06384092098377812
0.1473725209843647,1913,0.9984342379958246,0.06429691583899634
0.1473725208953736,1915,0.9994780793319415,0.06527415143603134
0.1473725201310124,1916,1.0,0.06576200417536535
