dataset,system,budget,status,f1_mean,f1_std,n_seeds,coverage,f1_at_05_mean
ab,C+LR,1000,recomputed_complete,60.71483418631691,0.5469056302367569,5,1.0,54.13555422695326
ab,C+LR,200,recomputed_complete,57.7764324207551,2.641211166366852,10,1.0,54.82262614949725
ab,C+LR,50,recomputed_complete,43.119624602898384,18.79134310633611,10,1.0,43.90699167979092
ab,C+LR,full,recomputed_complete,60.31386800684728,0.32357758427615796,3,1.0,59.21052631578946
ab,J-D+C+LR,1000,recomputed_complete,92.92478946694305,1.429557383167503,5,1.0,93.68320513298953
ab,J-D+C+LR,200,recomputed_complete,91.54215629645417,2.131161810556877,10,1.0,92.48166773228364
ab,J-D+C+LR,50,recomputed_complete,87.61582518817579,7.941393059666306,10,1.0,91.24136580977641
ab,J-D+C+LR,full,recomputed_complete,93.99757652680682,0.1816414740372277,3,1.0,94.20289855072464
ab,J-D+LR,1000,recomputed_complete,93.47317466411248,1.4741231078620993,5,1.0,94.08594112816151
ab,J-D+LR,200,recomputed_complete,91.8959184793403,2.067274174916675,10,1.0,92.79172012299303
ab,J-D+LR,50,recomputed_complete,87.73116229857297,6.841153176392406,10,1.0,92.31010057123264
ab,J-D+LR,full,recomputed_complete,93.66290354525648,1.157545577631415,3,1.0,94.35496134095986
ab,J-D0,0,recomputed_complete,57.34265734265735,,1,1.0,57.34265734265735
ab,J-H0,0,recomputed_complete,90.44289044289044,,1,1.0,90.44289044289044
ab,J-H1+LR,1000,recomputed_complete,90.51037398998501,0.42038331289149494,5,1.0,90.06415057477663
ab,J-H1+LR,200,recomputed_complete,89.90356326929276,0.7195546295073394,10,1.0,90.18398124661408
ab,J-H1+LR,50,recomputed_complete,88.00043825086951,2.863941494593253,10,1.0,89.98649148822395
ab,J-H1+LR,full,recomputed_complete,90.04524886877829,0.0,3,1.0,89.83451536643025
ab,J-H1c,0,recomputed_complete,91.2621359223301,,1,1.0,91.2621359223301
ab,J-H1n,0,recomputed_complete,89.62264150943396,,1,1.0,89.62264150943396
ab,J-H1s,0,recomputed_complete,89.33002481389578,,1,1.0,89.33002481389578
ab,L1-H1,0,recomputed_complete,21.34715025906736,,1,1.0,21.34715025906736
ab,L1-H1-explicit-answer,0,secondary_explicit_answer,94.66357308584686,,1,1.0,94.66357308584686
ab,L2-H1,0,recomputed_complete,84.51882845188284,,1,1.0,84.51882845188284
ab,L2-H1-explicit-answer,0,secondary_explicit_answer,84.51882845188284,,1,1.0,84.51882845188284
ab,M+LR,1000,recomputed_complete,50.2243493352305,0.914413771050748,5,1.0,40.72445227148197
ab,M+LR,200,recomputed_complete,43.809743385564786,2.883791729729254,10,1.0,38.87288173249806
ab,M+LR,50,recomputed_complete,38.19309168865263,10.498127781404133,10,1.0,37.30779186160357
ab,M+LR,full,recomputed_complete,52.30456061463008,0.27961423763220894,3,1.0,41.61073825503356
ag,C+LR,1000,recomputed_complete,51.685366707724526,1.619541239216175,5,1.0,37.67158002120507
ag,C+LR,200,recomputed_complete,50.9569232825707,1.615237525859865,10,1.0,31.906490902601085
ag,C+LR,50,recomputed_complete,44.09482891732961,11.12390963617074,10,1.0,21.914421943868447
ag,C+LR,full,recomputed_complete,53.2716314890071,0.6250906814277994,3,1.0,39.842674532940016
ag,J-D+C+LR,1000,recomputed_complete,69.37407024359987,1.0579325143636409,5,1.0,63.69088021175094
ag,J-D+C+LR,200,recomputed_complete,64.5837051915587,3.1052107349268296,10,1.0,58.61270324376055
ag,J-D+C+LR,50,recomputed_complete,59.40111392280188,7.9380643124584,10,1.0,51.906214759778194
ag,J-D+C+LR,full,recomputed_complete,70.97524297164586,0.10494952312878492,3,1.0,66.51785714285714
ag,J-D+LR,1000,recomputed_complete,69.5259050272227,1.1205078683132468,5,1.0,61.364445896991796
ag,J-D+LR,200,recomputed_complete,67.29590969098403,2.901491363610154,10,1.0,58.321558853077725
ag,J-D+LR,50,recomputed_complete,64.23344341246322,4.014600700681464,10,1.0,52.86155152597114
ag,J-D+LR,full,recomputed_complete,69.15458191078035,0.5502405581425731,3,1.0,64.75770925110133
ag,J-D0,0,recomputed_complete,23.92638036809816,,1,1.0,23.92638036809816
ag,J-H0,0,recomputed_complete,69.95073891625616,,1,1.0,69.95073891625616
ag,J-H1+LR,1000,recomputed_complete,67.05605139682413,0.41647344664125446,5,1.0,57.24315744669101
ag,J-H1+LR,200,recomputed_complete,65.84775413868695,2.036446106603253,10,1.0,53.44713366122981
ag,J-H1+LR,50,recomputed_complete,64.97074433535042,4.378910675912788,10,1.0,40.872728914951686
ag,J-H1+LR,full,recomputed_complete,69.3950177935943,0.0,3,1.0,59.10165484633569
ag,J-H1c,0,recomputed_complete,68.88888888888889,,1,1.0,68.88888888888889
ag,J-H1n,0,recomputed_complete,68.8135593220339,,1,1.0,68.8135593220339
ag,J-H1s,0,recomputed_complete,67.14031971580818,,1,1.0,67.14031971580818
ag,L1-H1,0,recomputed_complete,21.22448979591837,,1,1.0,21.22448979591837
ag,L1-H1-explicit-answer,0,secondary_explicit_answer,70.58823529411765,,1,1.0,70.58823529411765
ag,L2-H1,0,recomputed_complete,58.52348993288591,,1,1.0,58.52348993288591
ag,L2-H1-explicit-answer,0,secondary_explicit_answer,58.88738127544097,,1,1.0,58.88738127544097
ag,M+LR,1000,recomputed_complete,55.33412716883104,2.1257550924033555,5,1.0,47.55776813940699
ag,M+LR,200,recomputed_complete,52.25424373978876,4.374795471266085,10,1.0,43.33211608355104
ag,M+LR,50,recomputed_complete,43.887176974423866,10.14068364066585,10,1.0,32.29540655857977
ag,M+LR,full,recomputed_complete,57.29313526009292,0.28581168869846013,3,1.0,48.0225988700565
da,C+LR,1000,recomputed_complete,97.31903163950143,0.003282134213231088,5,1.0,97.42580619694863
da,C+LR,200,recomputed_complete,96.57601920371425,0.9954451948791858,10,1.0,96.81456034106355
da,C+LR,50,recomputed_complete,93.32717655613801,2.7227897595466444,10,1.0,95.47962244748666
da,C+LR,full,recomputed_complete,97.32142857142856,0.0,3,1.0,97.32142857142856
da,J-D+C+LR,1000,recomputed_complete,97.95945054422631,0.30312427964410693,5,1.0,98.15560754818503
da,J-D+C+LR,200,recomputed_complete,97.37054539207516,0.7976737184962818,10,1.0,97.19324415515334
da,J-D+C+LR,50,recomputed_complete,92.76957280758917,6.104445512862027,10,1.0,95.74756156025217
da,J-D+C+LR,full,recomputed_complete,98.43857564650214,0.11337026835876436,3,1.0,98.51181791654507
da,J-D+LR,1000,recomputed_complete,95.82996440186541,0.37617286905619307,5,1.0,96.03574801378102
da,J-D+LR,200,recomputed_complete,95.52337246122269,0.4493623589649527,10,1.0,95.66302044825689
da,J-D+LR,50,recomputed_complete,91.23464057791334,6.124683750219967,10,1.0,94.62248761167913
da,J-D+LR,full,recomputed_complete,96.04395604395604,0.0,3,1.0,95.97039669317085
da,J-D0,0,recomputed_complete,92.29166666666669,,1,1.0,92.29166666666669
da,J-H0,0,recomputed_complete,97.46416758544652,,1,1.0,97.46416758544652
da,J-H1+LR,1000,recomputed_complete,97.19410269930363,0.1771958930315906,5,1.0,97.07846299408305
da,J-H1+LR,200,recomputed_complete,96.93154172849246,0.26786847399474983,10,1.0,96.99535387731176
da,J-H1+LR,50,recomputed_complete,93.18438384211429,6.529968669419562,10,1.0,96.33785626669267
da,J-H1+LR,full,recomputed_complete,97.00996677740864,0.0,3,1.0,97.00996677740864
da,J-H1c,0,recomputed_complete,97.46416758544652,,1,1.0,97.46416758544652
da,J-H1n,0,recomputed_complete,96.29629629629628,,1,1.0,96.29629629629628
da,J-H1s,0,recomputed_complete,97.46416758544652,,1,1.0,97.46416758544652
da,L1-H1,0,recomputed_complete,34.60639127045986,,1,1.0,34.60639127045986
da,L1-H1-explicit-answer,0,secondary_explicit_answer,96.93654266958424,,1,1.0,96.93654266958424
da,L2-H1,0,recomputed_complete,93.08176100628933,,1,1.0,93.08176100628933
da,L2-H1-explicit-answer,0,secondary_explicit_answer,93.1794333683106,,1,1.0,93.1794333683106
da,M+LR,1000,recomputed_complete,97.34124685840979,0.3931260697726072,5,1.0,97.3914528285845
da,M+LR,200,recomputed_complete,94.38432435332939,0.4930950544112181,10,1.0,94.83806331545672
da,M+LR,50,recomputed_complete,91.64937390420421,1.7797616437105541,10,1.0,92.03528418073827
da,M+LR,full,recomputed_complete,97.48517906932678,0.06564172953076597,3,1.0,97.44160177975527
wa,C+LR,1000,recomputed_complete,78.18682925639708,0.8015730358583705,5,1.0,78.08940270250929
wa,C+LR,200,recomputed_complete,76.1731710852013,2.368432046481446,10,1.0,77.14693016907975
wa,C+LR,50,recomputed_complete,54.59220510241471,16.834877349210224,10,1.0,68.18785758468071
wa,C+LR,full,recomputed_complete,79.52451534110973,0.3574955936702522,3,1.0,77.35849056603774
wa,J-D+C+LR,1000,recomputed_complete,89.09101347860201,1.031304920769735,5,1.0,88.92836524774313
wa,J-D+C+LR,200,recomputed_complete,86.76156788078244,2.3307874557852992,10,1.0,88.3182073258976
wa,J-D+C+LR,50,recomputed_complete,82.69407876966716,6.7438267251088675,10,1.0,84.4250311927434
wa,J-D+C+LR,full,recomputed_complete,90.72083802789979,0.2438394481974302,3,1.0,89.8936170212766
wa,J-D+LR,1000,recomputed_complete,89.36522459605537,0.3346163558508119,5,1.0,89.57738611720588
wa,J-D+LR,200,recomputed_complete,87.61190503390269,2.5967031207150915,10,1.0,88.66060508191114
wa,J-D+LR,50,recomputed_complete,82.00953053513915,8.815635156780598,10,1.0,87.65465070006832
wa,J-D+LR,full,recomputed_complete,89.21378306674961,0.3805312836946044,3,1.0,89.76377952755905
wa,J-D0,0,recomputed_complete,38.61788617886179,,1,1.0,38.61788617886179
wa,J-H0,0,recomputed_complete,86.22448979591837,,1,1.0,86.22448979591837
wa,J-H1+LR,1000,recomputed_complete,85.0356736547429,0.6837263743073371,5,1.0,85.00806419752571
wa,J-H1+LR,200,recomputed_complete,85.92890784480342,0.3702840699174871,10,1.0,85.90527781816152
wa,J-H1+LR,50,recomputed_complete,79.83711349785393,3.3079210606231104,10,1.0,84.62646432829182
wa,J-H1+LR,full,recomputed_complete,84.99160577900734,0.8264828284207055,3,1.0,85.79088471849866
wa,J-H1c,0,recomputed_complete,88.25065274151436,,1,1.0,88.25065274151436
wa,J-H1n,0,recomputed_complete,84.84848484848484,,1,1.0,84.84848484848484
wa,J-H1s,0,recomputed_complete,86.93181818181817,,1,1.0,86.93181818181817
wa,L1-H1,0,recomputed_complete,18.91089108910891,,1,1.0,18.91089108910891
wa,L1-H1-explicit-answer,0,secondary_explicit_answer,88.3054892601432,,1,1.0,88.3054892601432
wa,L2-H1,0,recomputed_complete,73.26315789473684,,1,1.0,73.26315789473684
wa,L2-H1-explicit-answer,0,secondary_explicit_answer,74.56896551724138,,1,1.0,74.56896551724138
wa,M+LR,1000,recomputed_complete,74.35359102820148,0.8944195044665634,5,1.0,74.27086938307134
wa,M+LR,200,recomputed_complete,70.23570678664709,2.0873434907128408,10,1.0,70.90333461070563
wa,M+LR,50,recomputed_complete,51.434487481401234,19.92803964639957,10,1.0,61.61185296398789
wa,M+LR,full,recomputed_complete,74.20254005239948,0.16620073458320242,3,1.0,73.24840764331209
