dataset,system,budget,f1_mean,f1_std,n_seeds
fl,J-D+LR,5,53.73292601767148,18.958391145208626,5
fl,J-D+LR,20,69.43279639346868,3.5657887382845725,5
fl,J-D+LR,50,72.70914831553361,1.4251387298185618,5
fl,J-D+LR,full,74.01482327003637,0.09291547788960593,5
fl,J-D0,0,3.11284046692607,,1
fl,J-H+LR,5,50.103646931038135,6.108307018204786,5
fl,J-H+LR,20,51.561995032521466,4.562061668612593,5
fl,J-H+LR,50,55.123781913954986,0.6278906350284313,5
fl,J-H+LR,full,55.218914185639235,0.0,5
fl,J-H_err,0,27.68993443887389,,1
fl,Q-D+LR,5,58.67232186565427,7.642422482850371,5
fl,Q-D+LR,20,71.55169244956097,4.12601358757945,5
fl,Q-D+LR,50,74.48258752145858,0.20904600859278366,5
fl,Q-D+LR,full,74.00797079940992,0.0988742093350875,5
fl,Q-D0,0,40.070298769771526,,1
fl,Q-H+LR,5,68.96876773197566,9.752027250249832,5
fl,Q-H+LR,20,74.14476876415215,0.9442733739263723,5
fl,Q-H+LR,50,73.90038260366005,0.7136261466749333,5
fl,Q-H+LR,full,74.29737974730125,0.33941576300478815,5
fl,Q-H_err,0,68.19330855018588,,1
