dataset,system,budget,seed,n_test,f1,precision,recall,auprc,tp,fp,fn,tn
wa,J-H1n,0,0,500,81.72043010752688,82.6086956521739,80.85106382978722,90.78396607314897,38,8,9,445
wa,J-H1+LR,50,0,500,81.48148148148148,97.05882352941177,70.2127659574468,90.78396607314897,33,1,14,452
wa,J-H1+LR,50,1,500,75.22935779816514,66.12903225806451,87.2340425531915,90.78396607314897,41,21,6,432
wa,J-H1+LR,50,2,500,79.16666666666666,77.55102040816327,80.85106382978722,90.78396607314897,38,11,9,442
wa,J-H1+LR,200,0,500,81.92771084337349,94.44444444444444,72.3404255319149,90.78396607314897,34,2,13,451
wa,J-H1+LR,200,1,500,82.22222222222221,86.04651162790698,78.72340425531915,90.78396607314897,37,6,10,447
wa,J-H1+LR,200,2,500,82.92682926829268,97.14285714285714,72.3404255319149,90.78396607314897,34,1,13,452
wa,J-D+LR,50,0,500,86.86868686868688,82.6923076923077,91.48936170212765,94.7577975585647,43,9,4,444
wa,J-D+LR,50,1,500,83.49514563106796,76.78571428571429,91.48936170212765,94.60214965957363,43,13,4,440
wa,J-D+LR,50,2,500,76.52173913043478,64.70588235294117,93.61702127659575,94.5513324654484,44,24,3,429
wa,J-D+LR,200,0,500,91.48936170212765,91.48936170212765,91.48936170212765,95.57212373087488,43,4,4,449
wa,J-D+LR,200,1,500,88.17204301075269,89.13043478260869,87.2340425531915,95.00386561926135,41,5,6,448
wa,J-D+LR,200,2,500,86.74698795180723,100.0,76.59574468085107,95.10807249332365,36,0,11,453
wa,J-D+C+LR,50,0,500,85.36585365853658,100.0,74.46808510638297,95.15062965800361,35,0,12,453
wa,J-D+C+LR,50,1,500,83.33333333333334,81.63265306122449,85.1063829787234,92.85147222969033,40,9,7,444
wa,J-D+C+LR,50,2,500,83.33333333333334,81.63265306122449,85.1063829787234,92.96121446624011,40,9,7,444
wa,J-D+C+LR,200,0,500,87.05882352941177,97.36842105263158,78.72340425531915,94.75493799314421,37,1,10,452
wa,J-D+C+LR,200,1,500,86.04651162790698,94.87179487179486,78.72340425531915,93.44768537673687,37,2,10,451
wa,J-D+C+LR,200,2,500,81.48148148148148,97.05882352941177,70.2127659574468,92.90071486396411,33,1,14,452
wa,C+LR,50,0,500,44.44444444444444,34.090909090909086,63.829787234042556,69.14208996697326,30,58,17,395
wa,C+LR,50,1,500,28.22085889570552,19.82758620689655,48.93617021276596,29.47597033517333,23,93,24,360
wa,C+LR,50,2,500,62.365591397849464,63.04347826086957,61.702127659574465,65.90489469197152,29,17,18,436
wa,C+LR,200,0,500,72.97297297297297,100.0,57.446808510638306,71.3243339399122,27,0,20,453
wa,C+LR,200,1,500,70.27027027027027,96.29629629629629,55.319148936170215,71.93942603051417,26,1,21,452
wa,C+LR,200,2,500,72.72727272727273,93.33333333333333,59.57446808510638,73.85703296528467,28,2,19,451
wa,M2+best,50,0,500,50.90909090909091,44.44444444444444,59.57446808510638,30.27754137115839,28,35,19,418
wa,M2+best,50,1,500,50.0,53.65853658536586,46.808510638297875,55.69632113116641,22,19,25,434
wa,M2+best,50,2,500,38.20224719101123,40.476190476190474,36.17021276595745,20.6403242147923,17,25,30,428
wa,M2+best,200,0,500,64.44444444444444,67.44186046511628,61.702127659574465,45.213062840178125,29,14,18,439
wa,M2+best,200,1,500,59.45945945945946,81.48148148148148,46.808510638297875,67.1752140808413,22,5,25,448
wa,M2+best,200,2,500,69.66292134831461,73.80952380952381,65.95744680851064,73.25955438211517,31,11,16,442
wa,Q-H1,0,0,500,33.89830508474576,83.33333333333334,21.27659574468085,67.07880836131396,10,2,37,451
wa,Q-H1+LR,50,0,500,52.42718446601942,48.214285714285715,57.446808510638306,64.04188442935605,27,29,20,424
wa,Q-H1+LR,50,1,500,56.470588235294116,63.1578947368421,51.06382978723404,64.04188442935605,24,14,23,439
wa,Q-H1+LR,50,2,500,56.84210526315789,56.25,57.446808510638306,64.04188442935605,27,21,20,432
wa,Q-H1+LR,200,0,500,54.0,50.943396226415096,57.446808510638306,64.04188442935605,27,26,20,427
wa,Q-H1+LR,200,1,500,57.831325301204814,66.66666666666666,51.06382978723404,64.04188442935605,24,12,23,441
wa,Q-H1+LR,200,2,500,54.0,50.943396226415096,57.446808510638306,64.04188442935605,27,26,20,427
wa,Q-D+LR,50,0,500,61.40350877192983,52.23880597014925,74.46808510638297,65.9484207651375,35,32,12,421
wa,Q-D+LR,50,1,500,64.17910447761194,49.42528735632184,91.48936170212765,84.96173026629705,43,44,4,409
wa,Q-D+LR,50,2,500,71.84466019417476,66.07142857142857,78.72340425531915,82.24023680420778,37,19,10,434
wa,Q-D+LR,200,0,500,79.12087912087912,81.81818181818183,76.59574468085107,86.98989845783386,36,8,11,445
wa,Q-D+LR,200,1,500,69.91869918699187,56.57894736842105,91.48936170212765,87.9636509180117,43,33,4,420
wa,Q-D+LR,200,2,500,80.0,79.16666666666666,80.85106382978722,89.0761553644801,38,10,9,443
wa,L1-H1,0,0,500,84.0,79.24528301886792,89.36170212765957,85.42165751030628,42,11,5,442
wa,L1-H1+LR,50,0,500,83.14606741573034,88.09523809523809,78.72340425531915,85.42165751030628,37,5,10,448
wa,L1-H1+LR,50,1,500,85.41666666666666,83.6734693877551,87.2340425531915,85.42165751030628,41,8,6,445
wa,L1-H1+LR,50,2,500,85.41666666666666,83.6734693877551,87.2340425531915,85.42165751030628,41,8,6,445
wa,L1-H1+LR,200,0,500,83.51648351648352,86.36363636363636,80.85106382978722,85.42165751030628,38,6,9,447
wa,L1-H1+LR,200,1,500,84.0,79.24528301886792,89.36170212765957,85.42165751030628,42,11,5,442
wa,L1-H1+LR,200,2,500,83.14606741573034,88.09523809523809,78.72340425531915,85.42165751030628,37,5,10,448
wa,L1-D+LR,50,0,500,89.8876404494382,95.23809523809523,85.1063829787234,96.23215897137013,40,2,7,451
wa,L1-D+LR,50,1,500,89.8876404494382,95.23809523809523,85.1063829787234,95.95535328325721,40,2,7,451
wa,L1-D+LR,50,2,500,86.5979381443299,84.0,89.36170212765957,94.52234796415566,42,8,5,445
wa,L1-D+LR,200,0,500,89.13043478260869,91.11111111111111,87.2340425531915,96.23264745485508,41,4,6,449
wa,L1-D+LR,200,1,500,91.11111111111111,95.34883720930233,87.2340425531915,96.24974555944222,41,2,6,451
wa,L1-D+LR,200,2,500,87.75510204081633,84.31372549019608,91.48936170212765,96.27719957784339,43,8,4,445
wa,L2-H1,0,0,500,67.3913043478261,68.88888888888889,65.95744680851064,55.259200615756775,31,14,16,439
wa,L2-H1+LR,50,0,500,68.88888888888889,72.09302325581395,65.95744680851064,55.259200615756775,31,12,16,441
wa,L2-H1+LR,50,1,500,51.09489051094891,38.88888888888889,74.46808510638297,55.259200615756775,35,55,12,398
wa,L2-H1+LR,50,2,500,51.09489051094891,38.88888888888889,74.46808510638297,55.259200615756775,35,55,12,398
wa,L2-H1+LR,200,0,500,68.13186813186813,70.45454545454545,65.95744680851064,55.259200615756775,31,13,16,440
wa,L2-H1+LR,200,1,500,67.3913043478261,68.88888888888889,65.95744680851064,55.259200615756775,31,14,16,439
wa,L2-H1+LR,200,2,500,67.3913043478261,68.88888888888889,65.95744680851064,55.259200615756775,31,14,16,439
wa,L2-D+LR,50,0,500,77.64705882352942,86.8421052631579,70.2127659574468,74.95965089187602,33,5,14,448
wa,L2-D+LR,50,1,500,82.82828282828282,78.84615384615384,87.2340425531915,76.62967492182705,41,11,6,442
wa,L2-D+LR,50,2,500,76.19047619047619,86.48648648648648,68.08510638297872,73.17628989595043,32,5,15,448
wa,L2-D+LR,200,0,500,75.51020408163265,72.54901960784314,78.72340425531915,76.85736677567587,37,14,10,439
wa,L2-D+LR,200,1,500,75.78947368421053,75.0,76.59574468085107,75.30853289948276,36,12,11,441
wa,L2-D+LR,200,2,500,75.78947368421053,75.0,76.59574468085107,74.94757723471852,36,12,11,441
wa,Ditto,200,0,500,39.473684210526315,51.724137931034484,31.914893617021278,37.18957249668066,15,14,32,439
wa,Ditto,200,1,500,27.2108843537415,20.0,42.5531914893617,24.797829414298132,20,80,27,373
wa,Ditto,200,2,500,25.24271844660194,23.214285714285715,27.659574468085108,29.833941394754493,13,43,34,410
wa,Ditto,50,0,500,20.353982300884958,11.358024691358025,97.87234042553192,10.665247501791528,46,359,1,94
wa,Ditto,50,1,500,17.995910020449898,9.95475113122172,93.61702127659575,17.005909475315708,44,398,3,55
wa,Ditto,50,2,500,21.568627450980394,12.741312741312742,70.2127659574468,13.878274250590469,33,226,14,227
ag,J-H1n,0,0,500,69.76744186046511,57.692307692307686,88.23529411764706,65.89160655303652,45,33,6,416
ag,J-H1+LR,50,0,500,66.10169491525424,58.2089552238806,76.47058823529412,65.89160655303652,39,28,12,421
ag,J-H1+LR,50,1,500,68.70229007633588,56.25,88.23529411764706,65.89160655303652,45,35,6,414
ag,J-H1+LR,50,2,500,67.76859504132231,58.57142857142858,80.3921568627451,65.89160655303652,41,29,10,420
ag,J-H1+LR,200,0,500,57.692307692307686,56.60377358490566,58.82352941176471,65.89160655303652,30,23,21,426
ag,J-H1+LR,200,1,500,67.64705882352942,54.11764705882353,90.19607843137256,65.89160655303652,46,39,5,410
ag,J-H1+LR,200,2,500,61.111111111111114,57.89473684210527,64.70588235294117,65.89160655303652,33,24,18,425
ag,J-D+LR,50,0,500,62.5,57.377049180327866,68.62745098039215,62.384674794141844,35,26,16,423
ag,J-D+LR,50,1,500,61.6822429906542,58.92857142857143,64.70588235294117,60.33814109182,33,23,18,426
ag,J-D+LR,50,2,500,63.70370370370371,51.19047619047619,84.31372549019608,63.75009885109895,43,41,8,408
ag,J-D+LR,200,0,500,65.625,54.54545454545454,82.35294117647058,58.17859417380403,42,35,9,414
ag,J-D+LR,200,1,500,67.1875,55.84415584415584,84.31372549019608,66.33141865455705,43,34,8,415
ag,J-D+LR,200,2,500,64.70588235294117,51.76470588235295,86.27450980392157,64.5590623622163,44,41,7,408
ag,J-D+C+LR,50,0,500,50.51546391752577,34.26573426573427,96.07843137254902,49.31364251102701,49,94,2,355
ag,J-D+C+LR,50,1,500,60.3448275862069,53.84615384615385,68.62745098039215,57.13997374129474,35,30,16,419
ag,J-D+C+LR,50,2,500,58.06451612903226,64.28571428571429,52.94117647058824,67.94763443110732,27,15,24,434
ag,J-D+C+LR,200,0,500,48.93617021276596,53.48837209302325,45.09803921568628,56.07496248616039,23,20,28,429
ag,J-D+C+LR,200,1,500,64.51612903225806,54.794520547945204,78.43137254901961,64.13984942447243,40,33,11,416
ag,J-D+C+LR,200,2,500,65.11627906976744,53.84615384615385,82.35294117647058,71.34722367245261,42,36,9,413
ag,C+LR,50,0,500,40.36697247706422,37.93103448275862,43.13725490196079,36.86560928615156,22,36,29,413
ag,C+LR,50,1,500,40.78947368421053,30.693069306930692,60.78431372549019,36.97106156608822,31,70,20,379
ag,C+LR,50,2,500,36.55913978494624,40.476190476190474,33.33333333333333,36.33391907132952,17,25,34,424
ag,C+LR,200,0,500,44.44444444444444,37.333333333333336,54.90196078431373,38.639463855048255,28,47,23,402
ag,C+LR,200,1,500,48.484848484848484,39.50617283950617,62.745098039215684,41.89549533810991,32,49,19,400
ag,C+LR,200,2,500,47.27272727272727,44.06779661016949,50.98039215686274,43.67299342967079,26,33,25,416
ag,M2+best,50,0,500,36.7816091954023,44.44444444444444,31.372549019607842,20.943355119825707,16,20,35,429
ag,M2+best,50,1,500,38.775510204081634,40.42553191489361,37.254901960784316,21.46049228201919,19,28,32,421
ag,M2+best,50,2,500,29.1970802919708,23.25581395348837,39.21568627450981,15.319927040583675,20,66,31,383
ag,M2+best,200,0,500,43.39622641509434,41.81818181818181,45.09803921568628,49.66373944763043,23,32,28,417
ag,M2+best,200,1,500,44.66019417475729,44.230769230769226,45.09803921568628,47.12524650205129,23,29,28,420
ag,M2+best,200,2,500,46.06060606060606,33.33333333333333,74.50980392156863,49.58295963112448,38,76,13,373
ag,Q-H1,0,0,500,23.88059701492537,50.0,15.686274509803921,45.35458554562065,8,8,43,441
ag,Q-H1+LR,50,0,500,41.584158415841586,42.0,41.17647058823529,43.98901757400904,21,29,30,420
ag,Q-H1+LR,50,1,500,37.64705882352941,47.05882352941176,31.372549019607842,43.98901757400904,16,18,35,431
ag,Q-H1+LR,50,2,500,51.57232704402516,37.96296296296296,80.3921568627451,43.98901757400904,41,67,10,382
ag,Q-H1+LR,200,0,500,41.584158415841586,42.0,41.17647058823529,43.98901757400904,21,29,30,420
ag,Q-H1+LR,200,1,500,37.64705882352941,47.05882352941176,31.372549019607842,43.98901757400904,16,18,35,431
ag,Q-H1+LR,200,2,500,48.61878453038674,33.84615384615385,86.27450980392157,43.98901757400904,44,86,7,363
ag,Q-D+LR,50,0,500,24.02088772845953,13.855421686746988,90.19607843137256,32.8686062961189,46,286,5,163
ag,Q-D+LR,50,1,500,47.19101123595505,55.26315789473685,41.17647058823529,48.460446338676114,21,17,30,432
ag,Q-D+LR,50,2,500,52.42718446601942,51.92307692307693,52.94117647058824,45.938516261215355,27,25,24,424
ag,Q-D+LR,200,0,500,46.31578947368421,50.0,43.13725490196079,47.477625417028804,22,22,29,427
ag,Q-D+LR,200,1,500,49.523809523809526,48.148148148148145,50.98039215686274,48.59018046492775,26,28,25,421
ag,Q-D+LR,200,2,500,53.2258064516129,45.20547945205479,64.70588235294117,51.6002235560421,33,40,18,409
ag,L1-H1,0,0,500,69.23076923076923,56.9620253164557,88.23529411764706,64.20007864319726,45,34,6,415
ag,L1-H1+LR,50,0,500,65.34653465346535,66.0,64.70588235294117,64.20007864319726,33,17,18,432
ag,L1-H1+LR,50,1,500,68.33333333333333,59.42028985507246,80.3921568627451,64.20007864319726,41,28,10,421
ag,L1-H1+LR,50,2,500,69.35483870967742,58.9041095890411,84.31372549019608,64.20007864319726,43,30,8,419
ag,L1-H1+LR,200,0,500,69.29133858267717,57.89473684210527,86.27450980392157,64.20007864319726,44,32,7,417
ag,L1-H1+LR,200,1,500,69.35483870967742,58.9041095890411,84.31372549019608,64.20007864319726,43,30,8,419
ag,L1-H1+LR,200,2,500,69.29133858267717,57.89473684210527,86.27450980392157,64.20007864319726,44,32,7,417
ag,L1-D+LR,50,0,500,62.5,51.94805194805194,78.43137254901961,57.40251076301392,40,37,11,412
ag,L1-D+LR,50,1,500,64.15094339622641,61.81818181818181,66.66666666666666,59.88471259997657,34,21,17,428
ag,L1-D+LR,50,2,500,65.51724137931035,58.46153846153847,74.50980392156863,57.094735069620306,38,27,13,422
ag,L1-D+LR,200,0,500,56.25,41.284403669724774,88.23529411764706,55.904349154068335,45,64,6,385
ag,L1-D+LR,200,1,500,64.91228070175438,58.730158730158735,72.54901960784314,60.29108219704562,37,26,14,423
ag,L1-D+LR,200,2,500,66.11570247933885,57.14285714285714,78.43137254901961,61.63787595450644,40,30,11,419
ag,L2-H1,0,0,500,58.490566037735846,56.36363636363636,60.78431372549019,47.20033313925234,31,24,20,425
ag,L2-H1+LR,50,0,500,56.00000000000001,57.14285714285714,54.90196078431373,47.20033313925234,28,21,23,428
ag,L2-H1+LR,50,1,500,53.608247422680414,56.52173913043478,50.98039215686274,47.20033313925234,26,20,25,429
ag,L2-H1+LR,50,2,500,61.111111111111114,57.89473684210527,64.70588235294117,47.20033313925234,33,24,18,425
ag,L2-H1+LR,200,0,500,53.608247422680414,56.52173913043478,50.98039215686274,47.20033313925234,26,20,25,429
ag,L2-H1+LR,200,1,500,61.81818181818181,57.6271186440678,66.66666666666666,47.20033313925234,34,25,17,424
ag,L2-H1+LR,200,2,500,61.111111111111114,57.89473684210527,64.70588235294117,47.20033313925234,33,24,18,425
ag,L2-D+LR,50,0,500,52.459016393442624,45.07042253521127,62.745098039215684,35.69210200074508,32,39,19,410
ag,L2-D+LR,50,1,500,53.21100917431193,50.0,56.86274509803921,44.20730790491117,29,29,22,420
ag,L2-D+LR,50,2,500,52.72727272727272,49.152542372881356,56.86274509803921,43.30996137479025,29,30,22,419
ag,L2-D+LR,200,0,500,55.65217391304348,50.0,62.745098039215684,44.00890946217715,32,32,19,417
ag,L2-D+LR,200,1,500,48.529411764705884,38.82352941176471,64.70588235294117,44.22037173307796,33,52,18,397
ag,L2-D+LR,200,2,500,51.32743362831859,46.774193548387096,56.86274509803921,42.99344093809327,29,33,22,416
ag,Ditto,200,0,500,42.25352112676056,32.967032967032964,58.82352941176471,32.76629290071975,30,61,21,388
ag,Ditto,200,1,500,38.70967741935484,32.87671232876712,47.05882352941176,30.074189291669224,24,49,27,400
ag,Ditto,200,2,500,51.24999999999999,37.61467889908257,80.3921568627451,40.757725174036544,41,68,10,381
ag,Ditto,50,0,500,20.855614973262032,12.074303405572756,76.47058823529412,13.150333688443009,39,284,12,165
ag,Ditto,50,1,500,20.32520325203252,11.337868480725625,98.0392156862745,16.45473522423992,50,391,1,58
ag,Ditto,50,2,500,9.375,23.076923076923077,5.88235294117647,18.2451646190187,3,10,48,439
da,J-H1n,0,0,500,96.13259668508287,95.6043956043956,96.66666666666667,98.01237036302511,87,4,3,406
da,J-H1+LR,50,0,500,94.97206703910615,95.50561797752809,94.44444444444444,98.01237036302511,85,4,5,406
da,J-H1+LR,50,1,500,95.55555555555556,95.55555555555556,95.55555555555556,98.01237036302511,86,4,4,406
da,J-H1+LR,50,2,500,97.82608695652173,95.74468085106383,100.0,98.01237036302511,90,4,0,406
da,J-H1+LR,200,0,500,96.7032967032967,95.65217391304348,97.77777777777777,98.01237036302511,88,4,2,406
da,J-H1+LR,200,1,500,97.82608695652173,95.74468085106383,100.0,98.01237036302511,90,4,0,406
da,J-H1+LR,200,2,500,97.82608695652173,95.74468085106383,100.0,98.01237036302511,90,4,0,406
da,J-D+LR,50,0,500,96.17486338797814,94.6236559139785,97.77777777777777,99.1320879645107,88,5,2,405
da,J-D+LR,50,1,500,91.22807017543859,96.29629629629629,86.66666666666667,98.99421180326922,78,3,12,407
da,J-D+LR,50,2,500,90.45226130653266,82.56880733944955,100.0,99.18361206963387,90,19,0,391
da,J-D+LR,200,0,500,96.7032967032967,95.65217391304348,97.77777777777777,99.37795345359706,88,4,2,406
da,J-D+LR,200,1,500,96.08938547486034,96.62921348314607,95.55555555555556,99.40982827621761,86,3,4,407
da,J-D+LR,200,2,500,96.21621621621622,93.6842105263158,98.88888888888889,99.37552806620616,89,6,1,404
da,J-D+C+LR,50,0,500,97.75280898876404,98.86363636363636,96.66666666666667,99.59286660095425,87,1,3,409
da,J-D+C+LR,50,1,500,91.01796407185628,98.7012987012987,84.44444444444444,99.27819666693672,76,1,14,409
da,J-D+C+LR,50,2,500,94.24083769633508,89.10891089108911,100.0,99.44907989552243,90,11,0,399
da,J-D+C+LR,200,0,500,98.88888888888889,98.88888888888889,98.88888888888889,99.65936361001609,89,1,1,409
da,J-D+C+LR,200,1,500,98.88888888888889,98.88888888888889,98.88888888888889,99.75968062659601,89,1,1,409
da,J-D+C+LR,200,2,500,98.88888888888889,98.88888888888889,98.88888888888889,99.82973493028875,89,1,1,409
da,C+LR,50,0,500,96.5909090909091,98.83720930232558,94.44444444444444,98.5965628643635,85,1,5,409
da,C+LR,50,1,500,91.66666666666666,98.71794871794873,85.55555555555556,98.47910453147838,77,1,13,409
da,C+LR,50,2,500,95.23809523809523,90.9090909090909,100.0,98.65452440234597,90,9,0,401
da,C+LR,200,0,500,95.6989247311828,92.70833333333334,98.88888888888889,98.64244668183468,89,7,1,403
da,C+LR,200,1,500,97.26775956284153,95.6989247311828,98.88888888888889,98.67467009751674,89,4,1,406
da,C+LR,200,2,500,98.9010989010989,97.82608695652173,100.0,98.6967914518943,90,2,0,408
da,M2+best,50,0,500,93.85474860335195,94.3820224719101,93.33333333333333,97.72107874187405,84,5,6,405
da,M2+best,50,1,500,96.17486338797814,94.6236559139785,97.77777777777777,93.11000678296587,88,5,2,405
da,M2+best,50,2,500,90.72164948453609,84.61538461538461,97.77777777777777,91.63393685197386,88,16,2,394
da,M2+best,200,0,500,96.08938547486034,96.62921348314607,95.55555555555556,93.13458177278403,86,3,4,407
da,M2+best,200,1,500,97.2972972972973,94.73684210526315,100.0,94.73684210526315,90,5,0,405
da,M2+best,200,2,500,97.17514124293785,98.85057471264368,95.55555555555556,99.43728257538352,86,1,4,409
da,Q-H1,0,0,500,10.526315789473683,100.0,5.555555555555555,98.5961634893241,5,0,85,410
da,Q-H1+LR,50,0,500,93.02325581395348,97.5609756097561,88.88888888888889,97.83462502778562,80,2,10,408
da,Q-H1+LR,50,1,500,95.02762430939227,94.5054945054945,95.55555555555556,97.83462502778562,86,5,4,405
da,Q-H1+LR,50,2,500,95.50561797752809,96.5909090909091,94.44444444444444,97.83462502778562,85,3,5,407
da,Q-H1+LR,200,0,500,95.02762430939227,94.5054945054945,95.55555555555556,97.83462502778562,86,5,4,405
da,Q-H1+LR,200,1,500,94.6236559139785,91.66666666666666,97.77777777777777,97.83462502778562,88,8,2,402
da,Q-H1+LR,200,2,500,95.50561797752809,96.5909090909091,94.44444444444444,97.83462502778562,85,3,5,407
da,Q-D+LR,50,0,500,92.39766081871345,97.53086419753086,87.77777777777777,97.64967963664147,79,2,11,408
da,Q-D+LR,50,1,500,78.1456953642384,96.72131147540983,65.55555555555556,97.63871472436075,59,2,31,408
da,Q-D+LR,50,2,500,95.74468085106383,91.83673469387756,100.0,97.58124302747245,90,8,0,402
da,Q-D+LR,200,0,500,97.8021978021978,96.73913043478261,98.88888888888889,97.66087784492812,89,3,1,407
da,Q-D+LR,200,1,500,95.50561797752809,96.5909090909091,94.44444444444444,98.03425605812792,85,3,5,407
da,Q-D+LR,200,2,500,96.045197740113,97.70114942528735,94.44444444444444,98.03447676645648,85,2,5,408
da,L1-H1,0,0,500,97.82608695652173,95.74468085106383,100.0,98.87836301629406,90,4,0,406
da,L1-H1+LR,50,0,500,97.17514124293785,98.85057471264368,95.55555555555556,98.87836301629406,86,1,4,409
da,L1-H1+LR,50,1,500,97.17514124293785,98.85057471264368,95.55555555555556,98.87836301629406,86,1,4,409
da,L1-H1+LR,50,2,500,98.9010989010989,97.82608695652173,100.0,98.87836301629406,90,2,0,408
da,L1-H1+LR,200,0,500,99.4475138121547,98.9010989010989,100.0,98.87836301629406,90,1,0,409
da,L1-H1+LR,200,1,500,99.4475138121547,98.9010989010989,100.0,98.87836301629406,90,1,0,409
da,L1-H1+LR,200,2,500,99.4475138121547,98.9010989010989,100.0,98.87836301629406,90,1,0,409
da,L1-D+LR,50,0,500,97.26775956284153,95.6989247311828,98.88888888888889,98.94676396312784,89,4,1,406
da,L1-D+LR,50,1,500,96.045197740113,97.70114942528735,94.44444444444444,98.9701336639169,85,2,5,408
da,L1-D+LR,50,2,500,94.24083769633508,89.10891089108911,100.0,98.89927488258226,90,11,0,399
da,L1-D+LR,200,0,500,97.26775956284153,95.6989247311828,98.88888888888889,98.92314614240858,89,4,1,406
da,L1-D+LR,200,1,500,96.13259668508287,95.6043956043956,96.66666666666667,98.8751446917854,87,4,3,406
da,L1-D+LR,200,2,500,97.82608695652173,95.74468085106383,100.0,98.92314614240858,90,4,0,406
da,L2-H1,0,0,500,93.18181818181817,95.34883720930233,91.11111111111111,90.5840449530372,82,4,8,406
da,L2-H1+LR,50,0,500,93.18181818181817,95.34883720930233,91.11111111111111,90.5840449530372,82,4,8,406
da,L2-H1+LR,50,1,500,93.18181818181817,95.34883720930233,91.11111111111111,90.5840449530372,82,4,8,406
da,L2-H1+LR,50,2,500,93.18181818181817,95.34883720930233,91.11111111111111,90.5840449530372,82,4,8,406
da,L2-H1+LR,200,0,500,93.18181818181817,95.34883720930233,91.11111111111111,90.5840449530372,82,4,8,406
da,L2-H1+LR,200,1,500,93.18181818181817,95.34883720930233,91.11111111111111,90.5840449530372,82,4,8,406
da,L2-H1+LR,200,2,500,93.18181818181817,95.34883720930233,91.11111111111111,90.5840449530372,82,4,8,406
da,L2-D+LR,50,0,500,94.73684210526315,90.0,100.0,94.30121090592924,90,10,0,400
da,L2-D+LR,50,1,500,96.13259668508287,95.6043956043956,96.66666666666667,94.31140353516949,87,4,3,406
da,L2-D+LR,50,2,500,90.45226130653266,82.56880733944955,100.0,94.36577067441708,90,19,0,391
da,L2-D+LR,200,0,500,94.17989417989418,89.8989898989899,98.88888888888889,96.70455497837551,89,10,1,400
da,L2-D+LR,200,1,500,96.73913043478261,94.68085106382979,98.88888888888889,96.70455497837551,89,5,1,405
da,L2-D+LR,200,2,500,96.13259668508287,95.6043956043956,96.66666666666667,96.6946539882765,87,4,3,406
da,Ditto,200,0,500,89.69072164948454,83.65384615384616,96.66666666666667,86.23195264820704,87,17,3,393
da,Ditto,200,1,500,90.35532994923858,83.17757009345794,98.88888888888889,94.98018097748574,89,18,1,392
da,Ditto,200,2,500,88.66995073891626,79.64601769911505,100.0,92.03970366244043,90,23,0,387
da,Ditto,50,0,500,89.23076923076924,82.85714285714286,96.66666666666667,94.48722207993059,87,18,3,392
da,Ditto,50,1,500,89.47368421052632,85.0,94.44444444444444,92.52900841058648,85,15,5,395
da,Ditto,50,2,500,87.8048780487805,78.26086956521739,100.0,89.2822140203637,90,25,0,385
ab,J-H1n,0,0,500,88.49557522123894,84.7457627118644,92.5925925925926,97.35742587900215,50,9,4,437
ab,J-H1+LR,50,0,500,85.41666666666666,97.61904761904762,75.92592592592592,97.35742587900215,41,1,13,445
ab,J-H1+LR,50,1,500,90.19607843137256,95.83333333333334,85.18518518518519,97.35742587900215,46,2,8,444
ab,J-H1+LR,50,2,500,92.5925925925926,92.5925925925926,92.5925925925926,97.35742587900215,50,4,4,442
ab,J-H1+LR,200,0,500,87.60330578512396,79.1044776119403,98.14814814814815,97.35742587900215,53,14,1,432
ab,J-H1+LR,200,1,500,86.88524590163934,77.94117647058823,98.14814814814815,97.35742587900215,53,15,1,431
ab,J-H1+LR,200,2,500,91.58878504672897,92.45283018867924,90.74074074074075,97.35742587900215,49,4,5,442
ab,J-D+LR,50,0,500,87.5,100.0,77.77777777777779,99.17042782104471,42,0,12,446
ab,J-D+LR,50,1,500,92.0,100.0,85.18518518518519,99.1408694186472,46,0,8,446
ab,J-D+LR,50,2,500,90.9090909090909,100.0,83.33333333333334,99.09687972660957,45,0,9,446
ab,J-D+LR,200,0,500,97.19626168224299,98.11320754716981,96.29629629629629,99.42010332837255,52,1,2,445
ab,J-D+LR,200,1,500,87.09677419354838,77.14285714285715,100.0,98.78059544450134,54,16,0,430
ab,J-D+LR,200,2,500,92.85714285714286,89.65517241379311,96.29629629629629,98.87692840915085,52,6,2,440
ab,J-D+C+LR,50,0,500,92.0,100.0,85.18518518518519,99.22825613207297,46,0,8,446
ab,J-D+C+LR,50,1,500,90.5982905982906,84.12698412698413,98.14814814814815,99.2728525670066,53,10,1,436
ab,J-D+C+LR,50,2,500,95.4954954954955,92.98245614035088,98.14814814814815,99.30731222677184,53,4,1,442
ab,J-D+C+LR,200,0,500,95.32710280373831,96.22641509433963,94.44444444444444,99.36703462565531,51,2,3,444
ab,J-D+C+LR,200,1,500,87.09677419354838,77.14285714285715,100.0,99.4127541764378,54,16,0,430
ab,J-D+C+LR,200,2,500,92.3076923076923,85.71428571428571,100.0,99.45996234153385,54,9,0,437
ab,C+LR,50,0,500,49.557522123893804,47.45762711864407,51.85185185185185,51.39180833693854,28,31,26,415
ab,C+LR,50,1,500,46.464646464646464,51.11111111111111,42.592592592592595,52.0828995160172,23,22,31,424
ab,C+LR,50,2,500,52.083333333333336,59.523809523809526,46.2962962962963,56.88927947083007,25,17,29,429
ab,C+LR,200,0,500,54.94505494505495,67.56756756756756,46.2962962962963,60.30180515077258,25,12,29,434
ab,C+LR,200,1,500,51.06382978723404,60.0,44.44444444444444,56.94165836535141,24,16,30,430
ab,C+LR,200,2,500,55.81395348837209,75.0,44.44444444444444,58.9343417646505,24,8,30,438
ab,M2+best,50,0,500,36.206896551724135,33.87096774193548,38.88888888888889,35.81379690050599,21,41,33,405
ab,M2+best,50,1,500,33.00970873786408,34.69387755102041,31.48148148148148,35.60597121772335,17,32,37,414
ab,M2+best,50,2,500,19.17808219178082,36.84210526315789,12.962962962962962,14.175828460038986,7,12,47,434
ab,M2+best,200,0,500,32.38095238095238,33.33333333333333,31.48148148148148,17.893827160493824,17,34,37,412
ab,M2+best,200,1,500,36.97478991596639,33.84615384615385,40.74074074074074,34.832741248031326,22,43,32,403
ab,M2+best,200,2,500,23.333333333333332,21.21212121212121,25.925925925925924,13.499438832772165,14,52,40,394
ab,Q-H1,0,0,500,64.58333333333334,73.80952380952381,57.407407407407405,76.35536060459552,31,11,23,435
ab,Q-H1+LR,50,0,500,77.61194029850746,65.0,96.29629629629629,76.35536060459552,52,28,2,418
ab,Q-H1+LR,50,1,500,71.7948717948718,66.66666666666666,77.77777777777779,76.35536060459552,42,21,12,425
ab,Q-H1+LR,50,2,500,76.81159420289855,63.095238095238095,98.14814814814815,76.35536060459552,53,31,1,415
ab,Q-H1+LR,200,0,500,75.0,64.86486486486487,88.88888888888889,76.35536060459552,48,26,6,420
ab,Q-H1+LR,200,1,500,75.71428571428571,61.627906976744185,98.14814814814815,76.35536060459552,53,33,1,413
ab,Q-H1+LR,200,2,500,77.03703703703704,64.19753086419753,96.29629629629629,76.35536060459552,52,29,2,417
ab,Q-D+LR,50,0,500,79.3103448275862,74.19354838709677,85.18518518518519,88.93706513824439,46,16,8,430
ab,Q-D+LR,50,1,500,60.0,92.3076923076923,44.44444444444444,83.55145747301313,24,2,30,444
ab,Q-D+LR,50,2,500,75.177304964539,60.91954022988506,98.14814814814815,90.39078820004214,53,34,1,412
ab,Q-D+LR,200,0,500,86.95652173913044,81.9672131147541,92.5925925925926,94.6015103727621,50,11,4,435
ab,Q-D+LR,200,1,500,82.8125,71.62162162162163,98.14814814814815,93.4280865044434,53,21,1,425
ab,Q-D+LR,200,2,500,85.96491228070175,81.66666666666667,90.74074074074075,95.09770292254943,49,11,5,435
ab,L1-H1,0,0,500,92.17391304347827,86.88524590163934,98.14814814814815,94.32457404697516,53,8,1,438
ab,L1-H1+LR,50,0,500,86.86868686868688,95.55555555555556,79.62962962962963,94.32457404697516,43,2,11,444
ab,L1-H1+LR,50,1,500,92.3076923076923,96.0,88.88888888888889,94.32457404697516,48,2,6,444
ab,L1-H1+LR,50,2,500,94.33962264150944,96.15384615384616,92.5925925925926,94.32457404697516,50,2,4,444
ab,L1-H1+LR,200,0,500,93.10344827586206,87.09677419354838,100.0,94.32457404697516,54,8,0,438
ab,L1-H1+LR,200,1,500,93.10344827586206,87.09677419354838,100.0,94.32457404697516,54,8,0,438
ab,L1-H1+LR,200,2,500,92.17391304347827,86.88524590163934,98.14814814814815,94.32457404697516,53,8,1,438
ab,L1-D+LR,50,0,500,82.6086956521739,100.0,70.37037037037037,99.2744206787133,38,0,16,446
ab,L1-D+LR,50,1,500,91.0891089108911,97.87234042553192,85.18518518518519,99.31557294208778,46,1,8,445
ab,L1-D+LR,50,2,500,85.1063829787234,100.0,74.07407407407408,99.31557294208778,40,0,14,446
ab,L1-D+LR,200,0,500,93.20388349514563,97.95918367346938,88.88888888888889,99.20392182390071,48,1,6,445
ab,L1-D+LR,200,1,500,93.91304347826087,88.52459016393442,100.0,98.82050752845772,54,7,0,439
ab,L1-D+LR,200,2,500,94.73684210526315,90.0,100.0,99.2450740872752,54,6,0,440
ab,L2-H1,0,0,500,89.07563025210085,81.53846153846153,98.14814814814815,85.58789601614963,53,12,1,434
ab,L2-H1+LR,50,0,500,91.37931034482759,85.48387096774194,98.14814814814815,85.58789601614963,53,9,1,437
ab,L2-H1+LR,50,1,500,91.37931034482759,85.48387096774194,98.14814814814815,85.58789601614963,53,9,1,437
ab,L2-H1+LR,50,2,500,91.37931034482759,85.48387096774194,98.14814814814815,85.58789601614963,53,9,1,437
ab,L2-H1+LR,200,0,500,91.37931034482759,85.48387096774194,98.14814814814815,85.58789601614963,53,9,1,437
ab,L2-H1+LR,200,1,500,89.07563025210085,81.53846153846153,98.14814814814815,85.58789601614963,53,12,1,434
ab,L2-H1+LR,200,2,500,91.37931034482759,85.48387096774194,98.14814814814815,85.58789601614963,53,9,1,437
ab,L2-D+LR,50,0,500,86.5979381443299,97.67441860465115,77.77777777777779,95.5042129578787,42,1,12,445
ab,L2-D+LR,50,1,500,86.5979381443299,97.67441860465115,77.77777777777779,95.5042129578787,42,1,12,445
ab,L2-D+LR,50,2,500,91.07142857142857,87.93103448275862,94.44444444444444,95.93227553046533,51,7,3,439
ab,L2-D+LR,200,0,500,89.07563025210085,81.53846153846153,98.14814814814815,95.20304649508888,53,12,1,434
ab,L2-D+LR,200,1,500,85.98130841121495,86.79245283018868,85.18518518518519,94.99555599868842,46,7,8,439
ab,L2-D+LR,200,2,500,90.75630252100841,83.07692307692308,100.0,95.95555973289989,54,11,0,435
ab,Ditto,200,0,500,15.517241379310345,14.516129032258066,16.666666666666664,17.466937059135233,9,53,45,393
ab,Ditto,200,1,500,44.85981308411215,45.28301886792453,44.44444444444444,33.77134696311742,24,29,30,417
ab,Ditto,200,2,500,14.925373134328357,38.46153846153847,9.25925925925926,28.381478898842722,5,8,49,438
ab,Ditto,50,0,500,19.494584837545126,10.8,100.0,12.273098101328424,54,446,0,0
ab,Ditto,50,1,500,20.32085561497326,11.875,70.37037037037037,18.647548885690963,38,282,16,164
ab,Ditto,50,2,500,9.30232558139535,12.5,7.4074074074074066,14.983094655132772,4,28,50,418
