dataset,system,variant,n_test,flip_rate,flip_ci,delta_f1,ci_low,ci_high,kappa,mean_abs_delta_probability,note,n_flip,flip_cp95_low,flip_cp95_high
wa,Q-H1,P1,500,0.016,"{'estimate': 0.016, 'ci_low': 0.006, 'ci_high': 0.028, 'n_eligible': 500, 'n_events': 8}",1.1894142134998518,-12.554874401913876,15.771974693767662,0.6282527881040891,0.0170081770272062,Holistic prompt unchanged for P3/P4; P5 not applicable to Noul,8.0,0.006932321202483599,0.03128200168985303
wa,Q-D+LR,P1,500,0.028,"{'estimate': 0.028, 'ci_low': 0.014, 'ci_high': 0.044, 'n_eligible': 500, 'n_events': 14}",2.984384037015616,-4.592258207630872,11.483621641516375,0.8324396782841823,0.033697053074237,Holistic prompt unchanged for P3/P4; P5 not applicable to Noul,14.0,0.01539060067383811,0.04653332699148422
wa,Q-H1,P2,500,0.016,"{'estimate': 0.016, 'ci_low': 0.006, 'ci_high': 0.028, 'n_eligible': 500, 'n_events': 8}",0.0,-13.247479285215135,14.815797229590329,0.6584699453551912,0.0141760710722969,Holistic prompt unchanged for P3/P4; P5 not applicable to Noul,8.0,0.006932321202483599,0.03128200168985303
wa,Q-D+LR,P2,500,0.026,"{'estimate': 0.026, 'ci_low': 0.014, 'ci_high': 0.04, 'n_eligible': 500, 'n_events': 13}",4.212454212454205,-2.500992063492064,12.135858431598567,0.8459277519673841,0.0293397687020162,Holistic prompt unchanged for P3/P4; P5 not applicable to Noul,13.0,0.013914930062859742,0.044050436856873786
wa,Q-H1,P3,500,0.0,"{'estimate': 0.0, 'ci_low': 0.0, 'ci_high': 0.0, 'n_eligible': 500, 'n_events': 0}",0.0,0.0,0.0,1.0,8.234280199454878e-18,Holistic prompt unchanged for P3/P4; P5 not applicable to Noul,0.0,0.0,0.007350610051907784
wa,Q-D+LR,P3,500,0.052,"{'estimate': 0.052, 'ci_low': 0.034, 'ci_high': 0.072, 'n_eligible': 500, 'n_events': 26}",-23.736263736263737,-39.01138459355937,-9.798995913117473,0.5580636388360076,0.0687582509296189,Holistic prompt unchanged for P3/P4; P5 not applicable to Noul,26.0,0.03424569808276793,0.07526637103062207
wa,Q-H1,P4,500,0.0,"{'estimate': 0.0, 'ci_low': 0.0, 'ci_high': 0.0, 'n_eligible': 500, 'n_events': 0}",0.0,0.0,0.0,1.0,8.234280199454878e-18,Holistic prompt unchanged for P3/P4; P5 not applicable to Noul,0.0,0.0,0.007350610051907784
wa,Q-D+LR,P4,500,0.046,"{'estimate': 0.046, 'ci_low': 0.028, 'ci_high': 0.066, 'n_eligible': 500, 'n_events': 23}",-17.356173238526182,-31.03836967583343,-4.770574534161496,0.6248205663578232,0.0568388977818774,Holistic prompt unchanged for P3/P4; P5 not applicable to Noul,23.0,0.029380175392402796,0.06822542788123778
wa,Q-H1,P6,500,0.008,"{'estimate': 0.008, 'ci_low': 0.002, 'ci_high': 0.016, 'n_eligible': 500, 'n_events': 4}",1.0223298358891526,-3.492902930402929,7.348450491307625,0.8531139835487662,0.015447649345912,Holistic prompt unchanged for P3/P4; P5 not applicable to Noul,4.0,0.0021839081083421838,0.02035563259374394
wa,Q-D+LR,P6,500,0.042,"{'estimate': 0.042, 'ci_low': 0.026, 'ci_high': 0.06, 'n_eligible': 500, 'n_events': 21}",-6.043956043956044,-14.458646991229308,2.6835454158350838,0.7691495910649899,0.0339299184024573,Holistic prompt unchanged for P3/P4; P5 not applicable to Noul,21.0,0.02618357677614713,0.06348694053291894
wa,Q-H1,P7,500,0.058,"{'estimate': 0.058, 'ci_low': 0.038, 'ci_high': 0.08, 'n_eligible': 500, 'n_events': 29}",25.19260400616333,11.137880334628656,40.77488343191396,0.4317291111459476,0.0627094046419223,Holistic prompt unchanged for P3/P4; P5 not applicable to Noul,29.0,0.03918386879718779,0.08223822089383517
wa,Q-D+LR,P7,500,0.066,"{'estimate': 0.066, 'ci_low': 0.046, 'ci_high': 0.09, 'n_eligible': 500, 'n_events': 33}",-9.629353697150307,-19.535315897681983,0.0762800050496754,0.6780613439475532,0.0427355428392576,Holistic prompt unchanged for P3/P4; P5 not applicable to Noul,33.0,0.04586335711058772,0.09144289861086619
ag,Q-H1,P1,500,0.03,"{'estimate': 0.03, 'ci_low': 0.016, 'ci_high': 0.046, 'n_eligible': 500, 'n_events': 15}",-7.213930348258707,-19.423107801114178,5.6913652655588,0.3858499836226662,0.0290886840913439,Holistic prompt unchanged for P3/P4; P5 not applicable to Noul,15.0,0.01688598420387324,0.048998225708819
ag,Q-D+LR,P1,500,0.056,"{'estimate': 0.056, 'ci_low': 0.037950000000000005, 'ci_high': 0.076, 'n_eligible': 500, 'n_events': 28}",-22.31578947368421,-35.443701275691,-9.17935918732182,0.5609633718013045,0.0469915790973197,Holistic prompt unchanged for P3/P4; P5 not applicable to Noul,28.0,0.037530444475022184,0.07992130060436008
ag,Q-H1,P2,500,0.034,"{'estimate': 0.034, 'ci_low': 0.02, 'ci_high': 0.05, 'n_eligible': 500, 'n_events': 17}",19.362646228317868,4.988784134708277,32.3883128676906,0.5470049030057557,0.0327813221318148,Holistic prompt unchanged for P3/P4; P5 not applicable to Noul,17.0,0.019928600046206307,0.05388035073607687
ag,Q-D+LR,P2,500,0.05,"{'estimate': 0.05, 'ci_low': 0.032, 'ci_high': 0.07, 'n_eligible': 500, 'n_events': 25}",5.684210526315788,-6.131405279503106,18.29254248601397,0.7037072153218925,0.040047758267466,Holistic prompt unchanged for P3/P4; P5 not applicable to Noul,25.0,0.03261518014933005,0.07292762165047899
ag,Q-H1,P3,500,0.0,"{'estimate': 0.0, 'ci_low': 0.0, 'ci_high': 0.0, 'n_eligible': 500, 'n_events': 0}",0.0,0.0,0.0,1.0,1.278216789887044e-17,Holistic prompt unchanged for P3/P4; P5 not applicable to Noul,0.0,0.0,0.007350610051907784
ag,Q-D+LR,P3,500,0.174,"{'estimate': 0.174, 'ci_low': 0.142, 'ci_high': 0.208, 'n_eligible': 500, 'n_events': 87}",-1.6099071207430384,-12.699057681324955,9.634002723762224,0.3875654671397196,0.1176900375429316,Holistic prompt unchanged for P3/P4; P5 not applicable to Noul,87.0,0.14177996798943104,0.21013083400902074
ag,Q-H1,P4,500,0.0,"{'estimate': 0.0, 'ci_low': 0.0, 'ci_high': 0.0, 'n_eligible': 500, 'n_events': 0}",0.0,0.0,0.0,1.0,1.278216789887044e-17,Holistic prompt unchanged for P3/P4; P5 not applicable to Noul,0.0,0.0,0.007350610051907784
ag,Q-D+LR,P4,500,0.084,"{'estimate': 0.084, 'ci_low': 0.06, 'ci_high': 0.11, 'n_eligible': 500, 'n_events': 42}",-46.31578947368421,-58.13953488372093,-33.333333333333336,0.1119756427604872,0.0691462632777216,Holistic prompt unchanged for P3/P4; P5 not applicable to Noul,42.0,0.06120905860834764,0.11184830124541212
ag,Q-H1,P6,500,0.072,"{'estimate': 0.072, 'ci_low': 0.05, 'ci_high': 0.096, 'n_eligible': 500, 'n_events': 36}",17.70356140091621,4.575355141731689,30.76945370236197,0.4267515923566879,0.0668629501118243,Holistic prompt unchanged for P3/P4; P5 not applicable to Noul,36.0,0.05093433312513293,0.09828743733685699
ag,Q-D+LR,P6,500,0.03,"{'estimate': 0.03, 'ci_low': 0.016, 'ci_high': 0.046, 'n_eligible': 500, 'n_events': 15}",2.7408142999006917,-3.1747014595311835,10.202710666819568,0.832064487236901,0.0387412574985624,Holistic prompt unchanged for P3/P4; P5 not applicable to Noul,15.0,0.01688598420387324,0.048998225708819
ag,Q-H1,P7,500,0.138,"{'estimate': 0.138, 'ci_low': 0.11, 'ci_high': 0.17, 'n_eligible': 500, 'n_events': 69}",26.119402985074625,11.929702434051231,40.8037686659262,0.277940560904144,0.1295364480078797,Holistic prompt unchanged for P3/P4; P5 not applicable to Noul,69.0,0.10898386246231191,0.17137465675598654
ag,Q-D+LR,P7,500,0.078,"{'estimate': 0.078, 'ci_low': 0.056, 'ci_high': 0.102, 'n_eligible': 500, 'n_events': 39}",4.453441295546554,-6.219813863928112,15.120107218917529,0.6425166825548141,0.0617516972930775,Holistic prompt unchanged for P3/P4; P5 not applicable to Noul,39.0,0.05605117377556034,0.10508772643006573
da,Q-H1,P1,500,0.036,"{'estimate': 0.036, 'ci_low': 0.02, 'ci_high': 0.054, 'n_eligible': 500, 'n_events': 18}",24.33606953162723,12.572878475872296,36.78257770000888,0.2379339542760371,0.0339736657085823,Holistic prompt unchanged for P3/P4; P5 not applicable to Noul,18.0,0.021472856586093294,0.05630017620179104
da,Q-D+LR,P1,500,0.004,"{'estimate': 0.004, 'ci_low': 0.0, 'ci_high': 0.01, 'n_eligible': 500, 'n_events': 2}",0.023889154323939,-1.5361140906432067,1.5528629750994234,0.9867906583535876,0.0078832246104376,Holistic prompt unchanged for P3/P4; P5 not applicable to Noul,2.0,0.0004847861762900009,0.014374078562200295
da,Q-H1,P2,500,0.094,"{'estimate': 0.094, 'ci_low': 0.07, 'ci_high': 0.12, 'n_eligible': 500, 'n_events': 47}",62.71312083024462,51.92982456140352,72.93250708370253,0.1601143674052894,0.0685715073073883,Holistic prompt unchanged for P3/P4; P5 not applicable to Noul,47.0,0.06988623391878121,0.12303760788956065
da,Q-D+LR,P2,500,0.022,"{'estimate': 0.022, 'ci_low': 0.01, 'ci_high': 0.036, 'n_eligible': 500, 'n_events': 11}",-5.655600943559051,-9.439175452520963,-2.589645360127504,0.9294111607372042,0.0183144683195313,Holistic prompt unchanged for P3/P4; P5 not applicable to Noul,11.0,0.011032276361257528,0.039022550844808816
da,Q-H1,P3,500,0.0,"{'estimate': 0.0, 'ci_low': 0.0, 'ci_high': 0.0, 'n_eligible': 500, 'n_events': 0}",0.0,0.0,0.0,1.0,8.026431855894932e-18,Holistic prompt unchanged for P3/P4; P5 not applicable to Noul,0.0,0.0,0.007350610051907784
da,Q-D+LR,P3,500,0.018,"{'estimate': 0.018, 'ci_low': 0.008, 'ci_high': 0.03, 'n_eligible': 500, 'n_events': 9}",-4.160579305087964,-7.783993073760318,-0.770759918204551,0.937697291908955,0.0194179699270154,Holistic prompt unchanged for P3/P4; P5 not applicable to Noul,9.0,0.008262954434763135,0.033893696108537985
da,Q-H1,P4,500,0.0,"{'estimate': 0.0, 'ci_low': 0.0, 'ci_high': 0.0, 'n_eligible': 500, 'n_events': 0}",0.0,0.0,0.0,1.0,8.026431855894932e-18,Holistic prompt unchanged for P3/P4; P5 not applicable to Noul,0.0,0.0,0.007350610051907784
da,Q-D+LR,P4,500,0.028,"{'estimate': 0.028, 'ci_low': 0.014, 'ci_high': 0.044, 'n_eligible': 500, 'n_events': 14}",-5.96546310832025,-9.908649393831448,-2.5457950539472245,0.9119452551071752,0.0242412928877108,Holistic prompt unchanged for P3/P4; P5 not applicable to Noul,14.0,0.01539060067383811,0.04653332699148422
da,Q-H1,P6,500,0.112,"{'estimate': 0.112, 'ci_low': 0.086, 'ci_high': 0.14, 'n_eligible': 500, 'n_events': 56}",68.943882886023,58.20869175341407,78.85976032881392,0.1355356591540599,0.0842470201174874,Holistic prompt unchanged for P3/P4; P5 not applicable to Noul,56.0,0.08572058152768454,0.14296852269169766
da,Q-D+LR,P6,500,0.02,"{'estimate': 0.02, 'ci_low': 0.008, 'ci_high': 0.034, 'n_eligible': 500, 'n_events': 10}",-4.052197802197796,-7.551774395824154,-1.018050583154951,0.9360875345127312,0.0190388486012276,Holistic prompt unchanged for P3/P4; P5 not applicable to Noul,10.0,0.009631429586433347,0.03647240829220971
da,Q-H1,P7,500,0.06,"{'estimate': 0.06, 'ci_low': 0.04, 'ci_high': 0.082, 'n_eligible': 500, 'n_events': 30}",45.47368421052632,33.77079636202307,56.7033127300507,0.2366412213740457,0.0537323009228135,Holistic prompt unchanged for P3/P4; P5 not applicable to Noul,30.0,0.0408441817627769,0.08454855370760019
da,Q-D+LR,P7,500,0.008,"{'estimate': 0.008, 'ci_low': 0.002, 'ci_high': 0.016, 'n_eligible': 500, 'n_events': 4}",-1.0630673674151865,-3.313678993619733,1.030301161295234,0.9735813167071752,0.0110754363476255,Holistic prompt unchanged for P3/P4; P5 not applicable to Noul,4.0,0.0021839081083421838,0.02035563259374394
ab,Q-H1,P1,500,0.04,"{'estimate': 0.04, 'ci_low': 0.024, 'ci_high': 0.058, 'n_eligible': 500, 'n_events': 20}",14.583333333333345,5.36493509057021,24.676376544670468,0.7400707007693907,0.0425732429026858,Holistic prompt unchanged for P3/P4; P5 not applicable to Noul,20.0,0.024601312085545394,0.06110260938824467
ab,Q-D+LR,P1,500,0.032,"{'estimate': 0.032, 'ci_low': 0.018, 'ci_high': 0.048, 'n_eligible': 500, 'n_events': 16}",-1.739130434782609,-8.224608558904189,4.583449923730438,0.8506292243922476,0.0351625891462636,Holistic prompt unchanged for P3/P4; P5 not applicable to Noul,16.0,0.01839918532363991,0.051446768291645545
ab,Q-H1,P2,500,0.04,"{'estimate': 0.04, 'ci_low': 0.024, 'ci_high': 0.058, 'n_eligible': 500, 'n_events': 20}",10.416666666666671,0.6228844508824871,21.34998870822041,0.7400707007693907,0.0408350488041538,Holistic prompt unchanged for P3/P4; P5 not applicable to Noul,20.0,0.024601312085545394,0.06110260938824467
ab,Q-D+LR,P2,500,0.026,"{'estimate': 0.026, 'ci_low': 0.014, 'ci_high': 0.04, 'n_eligible': 500, 'n_events': 13}",2.3291925465838546,-3.4750625941723654,8.309708737864065,0.8760109873340455,0.0319107480421068,Holistic prompt unchanged for P3/P4; P5 not applicable to Noul,13.0,0.013914930062859742,0.044050436856873786
ab,Q-H1,P3,500,0.0,"{'estimate': 0.0, 'ci_low': 0.0, 'ci_high': 0.0, 'n_eligible': 500, 'n_events': 0}",0.0,0.0,0.0,1.0,1.286511611978369e-17,Holistic prompt unchanged for P3/P4; P5 not applicable to Noul,0.0,0.0,0.007350610051907784
ab,Q-D+LR,P3,500,0.056,"{'estimate': 0.056, 'ci_low': 0.037950000000000005, 'ci_high': 0.076, 'n_eligible': 500, 'n_events': 28}",-17.99100449775112,-28.980808553999346,-7.063383695456154,0.6742216223763206,0.05821244683963,Holistic prompt unchanged for P3/P4; P5 not applicable to Noul,28.0,0.037530444475022184,0.07992130060436008
ab,Q-H1,P4,500,0.0,"{'estimate': 0.0, 'ci_low': 0.0, 'ci_high': 0.0, 'n_eligible': 500, 'n_events': 0}",0.0,0.0,0.0,1.0,1.286511611978369e-17,Holistic prompt unchanged for P3/P4; P5 not applicable to Noul,0.0,0.0,0.007350610051907784
ab,Q-D+LR,P4,500,0.088,"{'estimate': 0.088, 'ci_low': 0.064, 'ci_high': 0.114, 'n_eligible': 500, 'n_events': 44}",-41.88609920391917,-56.90191330769596,-27.349084167357265,0.4042138330715485,0.0753280028513297,Holistic prompt unchanged for P3/P4; P5 not applicable to Noul,44.0,0.06466845754105842,0.11633517066316555
ab,Q-H1,P6,500,0.038,"{'estimate': 0.038, 'ci_low': 0.022, 'ci_high': 0.056, 'n_eligible': 500, 'n_events': 19}",2.7063862928348925,-6.510511746260688,12.809922524908668,0.7793161122467943,0.0271326031508512,Holistic prompt unchanged for P3/P4; P5 not applicable to Noul,19.0,0.02303077080624761,0.05870729046322849
ab,Q-D+LR,P6,500,0.02,"{'estimate': 0.02, 'ci_low': 0.008, 'ci_high': 0.034, 'n_eligible': 500, 'n_events': 10}",-3.7565217391304335,-8.860730374510293,0.8412730112015316,0.9127977955282708,0.0256521961259063,Holistic prompt unchanged for P3/P4; P5 not applicable to Noul,10.0,0.009631429586433347,0.03647240829220971
ab,Q-H1,P7,500,0.072,"{'estimate': 0.072, 'ci_low': 0.05, 'ci_high': 0.096, 'n_eligible': 500, 'n_events': 36}",15.719696969696969,5.064945644124535,27.02994768243689,0.6632240682532555,0.0614358610914628,Holistic prompt unchanged for P3/P4; P5 not applicable to Noul,36.0,0.05093433312513293,0.09828743733685699
ab,Q-D+LR,P7,500,0.026,"{'estimate': 0.026, 'ci_low': 0.014, 'ci_high': 0.04, 'n_eligible': 500, 'n_events': 13}",-0.2898550724637658,-6.009672595117879,5.619034650897397,0.8827730486221325,0.0314060763193928,Holistic prompt unchanged for P3/P4; P5 not applicable to Noul,13.0,0.013914930062859742,0.044050436856873786
