dataset,budget,system_A,system_B,f1_A,f1_B,delta_B_minus_A,delta_ci_low,delta_ci_high,f1_A_ci_low,f1_A_ci_high,f1_B_ci_low,f1_B_ci_high,replicates,n_seeds,n_test,bootstrap_design,bootstrap_tail_fraction,inference
wa,50,M3-author+LR,J-D+LR,51.61360596060001,82.00953053513916,30.39592457453915,18.06834885169533,42.4353361329776,41.4767132732242,60.321476344888794,75.2647270986151,87.13904385674556,2000,10,2049,crossed seed resampling plus common paired test-row resampling,0.0,POST_AUDIT_DESCRIPTIVE_CI_NOT_COMPLETE_HOLM_FAMILY
wa,50,M3-author+best,J-D+LR,55.75706640883747,82.00953053513916,26.252464126301696,14.49159702831035,39.20582591540824,45.16418585389813,64.56010360930713,75.20572769530173,87.24861528499073,2000,10,2049,crossed seed resampling plus common paired test-row resampling,0.0,POST_AUDIT_DESCRIPTIVE_CI_NOT_COMPLETE_HOLM_FAMILY
wa,200,M3-author+LR,J-D+LR,69.98683149238202,87.61190503390269,17.625073541520663,12.83731171522038,22.564602899544468,64.68903334083953,74.83647092296191,84.14021118311663,90.64734724960137,2000,10,2049,crossed seed resampling plus common paired test-row resampling,0.0,POST_AUDIT_DESCRIPTIVE_CI_NOT_COMPLETE_HOLM_FAMILY
wa,200,M3-author+best,J-D+LR,68.86399453940692,87.61190503390269,18.74791049449577,13.708678571141347,23.815755097960658,63.419019997261486,73.74998085036401,84.12527878936598,90.71272783353788,2000,10,2049,crossed seed resampling plus common paired test-row resampling,0.0,POST_AUDIT_DESCRIPTIVE_CI_NOT_COMPLETE_HOLM_FAMILY
ag,50,M3-author+LR,J-D+LR,45.897752994188885,64.23344341246322,18.335690418274332,10.942112325789475,25.971257163904394,38.297251876607916,53.270303009396095,59.41441947594779,68.80816876558798,2000,10,2293,crossed seed resampling plus common paired test-row resampling,0.0,POST_AUDIT_DESCRIPTIVE_CI_NOT_COMPLETE_HOLM_FAMILY
ag,50,M3-author+best,J-D+LR,40.40262341310587,64.23344341246322,23.830819999357345,15.906320271665958,31.714005575926908,32.287280234436366,48.15136276928139,59.17127901640633,68.93944236675773,2000,10,2293,crossed seed resampling plus common paired test-row resampling,0.0,POST_AUDIT_DESCRIPTIVE_CI_NOT_COMPLETE_HOLM_FAMILY
ag,200,M3-author+LR,J-D+LR,55.145521629274505,67.29590969098402,12.150388061709513,7.413245927862847,16.819605397326608,50.324769313311926,59.62498333905171,62.86564564084428,71.61428505811017,2000,10,2293,crossed seed resampling plus common paired test-row resampling,0.0,POST_AUDIT_DESCRIPTIVE_CI_NOT_COMPLETE_HOLM_FAMILY
ag,200,M3-author+best,J-D+LR,52.2915877642273,67.29590969098402,15.004321926756717,10.062016863614177,19.850370129825283,47.17703262049264,57.22589852780766,62.83929056220857,71.6289863455221,2000,10,2293,crossed seed resampling plus common paired test-row resampling,0.0,POST_AUDIT_DESCRIPTIVE_CI_NOT_COMPLETE_HOLM_FAMILY
da,50,M3-author+LR,J-D+LR,91.8035646336708,91.23464057791335,-0.5689240557574493,-4.833227379450933,2.8780493917416874,90.03119925246216,93.36659853757448,86.73126864960058,94.56852816043764,2000,10,2473,crossed seed resampling plus common paired test-row resampling,0.817,POST_AUDIT_DESCRIPTIVE_CI_NOT_COMPLETE_HOLM_FAMILY
da,50,M3-author+best,J-D+LR,91.73017358881474,91.23464057791335,-0.4955330109013829,-4.1504970148814095,2.6485720826167856,89.76995408794933,93.53529186672557,86.89349867983212,94.57148981265605,2000,10,2473,crossed seed resampling plus common paired test-row resampling,0.789,POST_AUDIT_DESCRIPTIVE_CI_NOT_COMPLETE_HOLM_FAMILY
da,200,M3-author+LR,J-D+LR,94.808522298424,95.52337246122269,0.7148501627986974,-0.28517099584771477,1.7032611155198665,93.40968519213078,96.14617192543149,94.2168586275549,96.6651844857646,2000,10,2473,crossed seed resampling plus common paired test-row resampling,0.192,POST_AUDIT_DESCRIPTIVE_CI_NOT_COMPLETE_HOLM_FAMILY
da,200,M3-author+best,J-D+LR,95.10695880085305,95.52337246122269,0.416413660369642,-0.5455551082642707,1.4783765813752463,93.7834316569499,96.26408229533862,94.21706564502988,96.74553791571735,2000,10,2473,crossed seed resampling plus common paired test-row resampling,0.42,POST_AUDIT_DESCRIPTIVE_CI_NOT_COMPLETE_HOLM_FAMILY
ab,50,M3-author+LR,J-D+LR,36.541780716815836,87.73116229857297,51.18938158175713,43.217451343645145,58.229836911735774,27.88791288727555,44.48899108287272,82.53252519819338,91.80090030038318,2000,10,1916,crossed seed resampling plus common paired test-row resampling,0.0,POST_AUDIT_DESCRIPTIVE_CI_NOT_COMPLETE_HOLM_FAMILY
ab,50,M3-author+best,J-D+LR,38.06172516847916,87.73116229857297,49.66943713009381,42.73509910163375,56.903688079168774,31.7036650728301,44.074193510111506,82.80068318826793,91.8057142594289,2000,10,1916,crossed seed resampling plus common paired test-row resampling,0.0,POST_AUDIT_DESCRIPTIVE_CI_NOT_COMPLETE_HOLM_FAMILY
ab,200,M3-author+LR,J-D+LR,44.7568950963868,91.8959184793403,47.139023382953496,41.25873129008322,52.964388086032486,39.63479598679605,49.982048727489975,89.20476250081212,94.23573791959207,2000,10,1916,crossed seed resampling plus common paired test-row resampling,0.0,POST_AUDIT_DESCRIPTIVE_CI_NOT_COMPLETE_HOLM_FAMILY
ab,200,M3-author+best,J-D+LR,43.36662413833497,91.8959184793403,48.529294341005325,42.2013331519321,55.24387980689252,36.985197415981844,49.42207190103171,89.17086133789454,94.29794413322946,2000,10,1916,crossed seed resampling plus common paired test-row resampling,0.0,POST_AUDIT_DESCRIPTIVE_CI_NOT_COMPLETE_HOLM_FAMILY
