dataset,system,budget,f1_mean,f1_std,n_seeds,n_test
ab,M3-author+LR,50,33.24120324120324,6.942586840340985,3,500
ab,M3-author+LR,200,40.656130837373404,3.2447628683477943,3,500
ab,M3-author+best,50,30.228937728937726,3.8363624713565656,3,500
ab,M3-author+best,200,40.0812354842234,4.2404152824582475,3,500
ag,M3-author+LR,50,44.736494736494734,6.577683720680328,3,500
ag,M3-author+LR,200,50.35972383533359,2.899598534780782,3,500
ag,M3-author+best,50,46.34056544473686,4.097459631187145,3,500
ag,M3-author+best,200,48.821548821548824,2.190005279044197,3,500
da,M3-author+LR,50,93.60608928067467,2.5699508400923974,3,500
da,M3-author+LR,200,94.09420988368356,1.567337699025888,3,500
da,M3-author+best,50,93.60608928067467,2.5699508400923974,3,500
da,M3-author+best,200,96.12085769980507,2.39718532821423,3,500
wa,M3-author+LR,50,49.87102926050081,3.8580018455633853,3,500
wa,M3-author+LR,200,66.52357763781762,8.013182690050902,3,500
wa,M3-author+best,50,52.94311700583848,6.650960952542919,3,500
wa,M3-author+best,200,65.08116954381751,2.8736453581141816,3,500
